city_id,city_name,city_english_name,latitude,longitude,is_capital,population,postal_code,province_id,province_name,province_english_name,phone_code
614,اراک,Arak,34.80370505,48.532763856651,Yes,,,21,مرکزی,Markazi,086
621,داودآباد,DAVDABAD,34.297248,49.849953,No,,,21,مرکزی,Markazi,086
896,ساروق,,,,No,,,21,مرکزی,Markazi,086
897,کارچان,,,,No,,,21,مرکزی,Markazi,086
613,آشتیان,Ashtian,34.5216784,50.0018687,No,,,21,مرکزی,Markazi,086
617,تفرش,Tafresh,34.6927402,50.0146963,No,,,21,مرکزی,Markazi,086
619,خمین,Khomein,33.6446965,50.0801376,No,,,21,مرکزی,Markazi,086
633,قورچی باشی,QVRChY BAShY,33.67494,49.8760505,No,,,21,مرکزی,Markazi,086
622,دلیجان,Delijan,33.9880486,50.6862901,No,,,21,مرکزی,Markazi,086
636,نراق,Naraq,34.0096318,50.8402395,No,,,21,مرکزی,Markazi,086
626,ساوه,Saveh,35.0206133,50.3584834,No,,,21,مرکزی,Markazi,086
898,آوه,,,,No,,,21,مرکزی,Markazi,086
630,غرق آباد,GhRQ ABAD,35.1092029,49.8312434,No,,,21,مرکزی,Markazi,086
637,نوبران,NVBRAN,35.1306563,49.7089976,No,,,21,مرکزی,Markazi,086
899,آستانه,,,,No,,,21,مرکزی,Markazi,086
628,شازند,ShAZND,33.9293155,49.4070049,No,,,21,مرکزی,Markazi,086
900,هندودر,,,,No,,,21,مرکزی,Markazi,086
901,مهاجران,,,,No,,,21,مرکزی,Markazi,086
618,توره,TVRH,34.0444771,49.2886966,No,,,21,مرکزی,Markazi,086
902,شهباز,,,,No,,,21,مرکزی,Markazi,086
635,محلات,MHLAT,33.9060573,50.4526427,No,,,21,مرکزی,Markazi,086
638,نیمور,NYM VR,33.88404,50.5721677,No,,,21,مرکزی,Markazi,086
623,رازقان,RAZQAN,35.3312924,49.9556045,No,,,21,مرکزی,Markazi,086
903,مامونیه,,,,No,,,21,مرکزی,Markazi,086
904,خشکرود,,,,No,,,21,مرکزی,Markazi,086
639,پرندک,PRNDK,35.3624016,50.6793095,No,,,21,مرکزی,Markazi,086
624,زاویه,ZAVYH,35.3830162,50.5644495,No,,,21,مرکزی,Markazi,086
641,کمیجان,KMYJAN,34.7207822,49.3219622,No,,,21,مرکزی,Markazi,086
905,میلاجرد,,,,No,,,21,مرکزی,Markazi,086
906,جاورسیان,,,,No,,,21,مرکزی,Markazi,086
620,خنداب,KhNDAB,34.7629999,48.206155,No,,,21,مرکزی,Markazi,086
631,فرمهین,FRMHYN,34.508096,49.688280,No,,,21,مرکزی,Markazi,086
907,خنجین,,,,No,,,21,مرکزی,Markazi,086
908,تلخاب,,,,No,,,21,مرکزی,Markazi,086
909,آستارا,,,,No,,,30,گیلان,Gilan,013
869,لوندویل,LVNDVYL,38.3082625,48.8675037,No,,,30,گیلان,Gilan,013
910,کیاشهر,,,,No,,,30,گیلان,Gilan,013
842,آستانه اشرفیه,Astaneh Ashrafiyeh,37.2607374,49.9456642,No,,,30,گیلان,Gilan,013
849,بندرانزلی,Bandar Anzali,37.4716356,49.4685904,No,,,30,گیلان,Gilan,013
911,هشتپر (تالش),,,,No,,,30,گیلان,Gilan,013
870,لیسار,LYSAR,37.959133,48.9086032,No,,,30,گیلان,Gilan,013
844,اسالم,ASALM,37.731171,48.9545271,No,,,30,گیلان,Gilan,013
912,حویق,,,,No,,,30,گیلان,Gilan,013
879,چوبر,ChVBR,37.0926728,49.4140997,No,,,30,گیلان,Gilan,013
913,سنگر,,,,No,,,30,گیلان,Gilan,013
880,کوچصفهان,KVChSFHAN,37.2787049,49.7721208,No,,,30,گیلان,Gilan,013
914,لولمان,,,,No,,,30,گیلان,Gilan,013
915,لشت نشاء,,,,No,,,30,گیلان,Gilan,013
916,پیربازار,,,,No,,,30,گیلان,Gilan,013
854,رشت,Rasht,37.2793607,49.5846102,Yes,,,30,گیلان,Gilan,013
917,خشکبیجار,,,,No,,,30,گیلان,Gilan,013
851,توتکابن,TVTKABN,36.8928479,49.5276938,No,,,30,گیلان,Gilan,013
852,جیرنده,JYRNDH,36.7021301,49.7957151,No,,,30,گیلان,Gilan,013
868,لوشان,Lushan,36.6279334,49.5162305,No,,,30,گیلان,Gilan,013
856,رودبار,Rudbar,36.8219055,49.4268249,No,,,30,گیلان,Gilan,013
874,منجیل,Manjil,36.7448499,49.4000305,No,,,30,گیلان,Gilan,013
918,رستم آباد,,,,No,,,30,گیلان,Gilan,013
919,بره سر,,,,No,,,30,گیلان,Gilan,013
920,رحیم آباد,,,,No,,,30,گیلان,Gilan,013
859,رودسر,Rudsar,37.1381592,50.2927862,No,,,30,گیلان,Gilan,013
878,چابکسر,ChABKSR,36.9743391,50.57079,No,,,30,گیلان,Gilan,013
921,کلاچای,,,,No,,,30,گیلان,Gilan,013
876,واجارگاه,VAJARGAH,37.03829,50.4058965,No,,,30,گیلان,Gilan,013
922,مرجقل,,,,No,,,30,گیلان,Gilan,013
863,صومعه سرا,Sowme'eh Sara,37.301672,49.3147378,No,,,30,گیلان,Gilan,013
923,گوراب زرمیخ,,,,No,,,30,گیلان,Gilan,013
924,طاهر گوراب,,,,No,,,30,گیلان,Gilan,013
925,ضیابر,,,,No,,,30,گیلان,Gilan,013
864,فومن,Fuman,37.2273234,49.3141954,No,,,30,گیلان,Gilan,013
926,ماسوله,,,,No,,,30,گیلان,Gilan,013
927,ماکلوان,,,,No,,,30,گیلان,Gilan,013
867,لنگرود,Langarud,37.196944,50.153611,No,,,30,گیلان,Gilan,013
928,چاف و چمخاله,,,,No,,,30,گیلان,Gilan,013
845,اطاقور,ATAQVR,37.108774,50.114512,No,,,30,گیلان,Gilan,013
929,کومله,,,,No,,,30,گیلان,Gilan,013
862,شلمان,ShLMAN,37.1559178,50.2161864,No,,,30,گیلان,Gilan,013
865,لاهیجان,Lahijan,37.2533595,49.7837299,No,,,30,گیلان,Gilan,013
858,رودبنه,RVDBNH,37.2548508,50.0039032,No,,,30,گیلان,Gilan,013
843,احمد سرگوراب,AHMDSRGVRAB,37.146941,49.349906,No,,,30,گیلان,Gilan,013
861,شفت,Shaft,37.1703562,49.4027782,No,,,30,گیلان,Gilan,013
930,رانکوه,,,,No,,,30,گیلان,Gilan,013
846,املش,AMLSh,37.0961905,50.1844452,No,,,30,گیلان,Gilan,013
931,پره سر,,,,No,,,30,گیلان,Gilan,013
855,رضوانشهر,Rezvanshahr,37.564842,49.148391,No,,,30,گیلان,Gilan,013
932,دیلمان,,,,No,,,30,گیلان,Gilan,013
860,سیاهکل,SYAHKL,37.1521893,49.8716407,No,,,30,گیلان,Gilan,013
847,بازار جمعه,BAZARJMAH,37.277920,49.383459,No,,,30,گیلان,Gilan,013
872,ماسال,Masal,37.3640801,49.1328792,No,,,30,گیلان,Gilan,013
933,خمام,,,,No,,,30,گیلان,Gilan,013
934,چوکام,,,,No,,,30,گیلان,Gilan,013
935,رینه,,,,No,,,20,مازندران,Mazandaran,011
611,گزنک,GZNK,35.9038115,52.2246758,No,,,20,مازندران,Mazandaran,011
567,آمل,Amol,36.4718947,52.3499009,No,,,20,مازندران,Mazandaran,011
580,دابودشت,DABVDShT,36.476629,52.447385,No,,,20,مازندران,Mazandaran,011
936,امامزاده عبدالله,,,,No,,,20,مازندران,Mazandaran,011
937,بابکان,,,,No,,,20,مازندران,Mazandaran,011
579,خوش رودپی,KhVSh RVDPY,36.373577,52.566855,No,,,20,مازندران,Mazandaran,011
938,امیرکلا,,,,No,,,20,مازندران,Mazandaran,011
571,بابل,Babol,36.5452581,52.6846571,No,,,20,مازندران,Mazandaran,011
612,گلوگاه,GLVGAH,36.727222,53.808889,No,,,20,مازندران,Mazandaran,011
596,مرزیکلا,MRZYKLA,36.3636458,52.7341391,No,,,20,مازندران,Mazandaran,011
939,زرگر,,,,No,,,20,مازندران,Mazandaran,011
609,گتاب,GTAB,36.431717,52.6578558,No,,,20,مازندران,Mazandaran,011
575,بهشهر,Behshahr,36.6911785,53.543415,No,,,20,مازندران,Mazandaran,011
582,رستمکلا,RSTMKLA,36.5532407,52.894535,No,,,20,مازندران,Mazandaran,011
578,خلیل شهر,KhLYL ShHR,36.7013487,53.6402049,No,,,20,مازندران,Mazandaran,011
940,شیرود,,,,No,,,20,مازندران,Mazandaran,011
576,تنکابن,Tonekabon,36.816389,50.873889,No,,,20,مازندران,Mazandaran,011
597,نشتارود,NShTARVD,36.7486267,51.0358454,No,,,20,مازندران,Mazandaran,011
941,خرم آباد,,,,No,,,20,مازندران,Mazandaran,011
581,رامسر,Ramsar,36.903056,50.658333,No,,,20,مازندران,Mazandaran,011
942,کتالم و سادات شهر,,,,No,,,20,مازندران,Mazandaran,011
943,دالخانی,,,,No,,,20,مازندران,Mazandaran,011
608,کیاسر,KYASR,36.2366087,53.5412514,No,,,20,مازندران,Mazandaran,011
592,فریم,FRYM,36.1726982,53.2677764,No,,,20,مازندران,Mazandaran,011
586,ساری,Sari,36.563333,53.060000,Yes,,,20,مازندران,Mazandaran,011
944,پایین هولار,,,,No,,,20,مازندران,Mazandaran,011
945,اکند,,,,No,,,20,مازندران,Mazandaran,011
946,فرح آباد,,,,No,,,20,مازندران,Mazandaran,011
566,آلاشت,ALAShT,36.066319,52.8366338,No,,,20,مازندران,Mazandaran,011
601,پل سفید,PL SFYD,36.1169618,53.0574831,No,,,20,مازندران,Mazandaran,011
947,زیرآب,,,,No,,,20,مازندران,Mazandaran,011
948,قایم شهر,,,,No,,,20,مازندران,Mazandaran,011
949,ارطه,,,,No,,,20,مازندران,Mazandaran,011
573,بلده,BLDH,36.202753,51.8089289,No,,,20,مازندران,Mazandaran,011
603,چمستان,ChMSTAN,36.4773762,52.1167325,No,,,20,مازندران,Mazandaran,011
598,نور,Nur,36.5732661,52.0101,No,,,20,مازندران,Mazandaran,011
583,رویان,RVYAN,36.5694026,51.9617002,No,,,20,مازندران,Mazandaran,011
570,ایزدشهر,AYZDShHR,36.5987867,52.135172,No,,,20,مازندران,Mazandaran,011
950,پول,,,,No,,,20,مازندران,Mazandaran,011
951,کجور,,,,No,,,20,مازندران,Mazandaran,011
599,نوشهر,Nowshahr,36.6508069,51.5034126,No,,,20,مازندران,Mazandaran,011
572,بابلسر,Babolsar,36.7008777,52.6481047,No,,,20,مازندران,Mazandaran,011
952,بهنمیر,,,,No,,,20,مازندران,Mazandaran,011
953,هادی شهر,,,,No,,,20,مازندران,Mazandaran,011
954,سرخرود,,,,No,,,20,مازندران,Mazandaran,011
594,محمودآباد,MHMVDABAD,36.6308963,52.2621156,No,,,20,مازندران,Mazandaran,011
600,نکا,Neka,36.647082,53.297150,No,,,20,مازندران,Mazandaran,011
602,چالوس,Chalus,36.6506329,51.4223717,No,,,20,مازندران,Mazandaran,011
955,هچیرود,,,,No,,,20,مازندران,Mazandaran,011
595,مرزن آباد,MRZN ABAD,36.4539793,51.3005787,No,,,20,مازندران,Mazandaran,011
607,کوهی خیل,KVHY KhYL,36.6879187,52.9118026,No,,,20,مازندران,Mazandaran,011
577,جویبار,Juybar,36.6400238,52.9100038,No,,,20,مازندران,Mazandaran,011
956,گلوگاه,,,,No,,,20,مازندران,Mazandaran,011
957,آستانه سرا,,,,No,,,20,مازندران,Mazandaran,011
591,فریدونکنار,Fereydunkenar,36.6830883,52.5217808,No,,,20,مازندران,Mazandaran,011
590,عباس آباد,ABAS ABAD,36.722931,51.107169,No,,,20,مازندران,Mazandaran,011
587,سلمان شهر,SLMANShHR,36.694700,51.195500,No,,,20,مازندران,Mazandaran,011
604,کلارآباد,KLARABAD,36.6964662,51.2511485,No,,,20,مازندران,Mazandaran,011
958,سورک,,,,No,,,20,مازندران,Mazandaran,011
959,طبقده,,,,No,,,20,مازندران,Mazandaran,011
960,کیاکلا,,,,No,,,20,مازندران,Mazandaran,011
589,شیرگاه,ShYRGAH,36.3004288,52.8815857,No,,,20,مازندران,Mazandaran,011
605,کلاردشت,KLARDShT,36.5055519,51.1587669,No,,,20,مازندران,Mazandaran,011
6,اهر,Ahar,38.4774934,47.0662215,No,,,1,آذربایجان شرقی,East Azerbaijan,041
14,تبریز,Tabriz,38.0739964,46.2961952,Yes,,,1,آذربایجان شرقی,East Azerbaijan,041
28,سردرود,SRDRVD,38.0278895,46.1474327,No,,,1,آذربایجان شرقی,East Azerbaijan,041
961,اسفهلان,,,,No,,,1,آذربایجان شرقی,East Azerbaijan,041
962,لاهیجان,,,,No,,,1,آذربایجان شرقی,East Azerbaijan,041
963,خسروشاه,,,,No,,,1,آذربایجان شرقی,East Azerbaijan,041
9,باسمنج,BASMNJ,37.9955619,46.4749113,No,,,1,آذربایجان شرقی,East Azerbaijan,041
27,سراب,Sarab,37.9407851,47.5374867,No,,,1,آذربایجان شرقی,East Azerbaijan,041
43,مهربان,MHRBAN,38.0806733,47.1317722,No,,,1,آذربایجان شرقی,East Azerbaijan,041
33,شربیان,ShRBYAN,37.8811174,47.1008591,No,,,1,آذربایجان شرقی,East Azerbaijan,041
23,دوزدوزان,DVZDVZAN,37.948976,47.119787,No,,,1,آذربایجان شرقی,East Azerbaijan,041
40,مراغه,Maragheh,37.3916705,46.2397524,No,,,1,آذربایجان شرقی,East Azerbaijan,041
964,خداجو(خراجو),,,,No,,,1,آذربایجان شرقی,East Azerbaijan,041
26,زنوز,ZNVZ,38.5880287,45.8319818,No,,,1,آذربایجان شرقی,East Azerbaijan,041
41,مرند,Marand,38.4306358,45.7741,No,,,1,آذربایجان شرقی,East Azerbaijan,041
965,بناب مرند,,,,No,,,1,آذربایجان شرقی,East Azerbaijan,041
55,یامچی,YAMChY,38.5223144,45.6404499,No,,,1,آذربایجان شرقی,East Azerbaijan,041
966,دیزج حسین بیگ,,,,No,,,1,آذربایجان شرقی,East Azerbaijan,041
967,کشکسرای,,,,No,,,1,آذربایجان شرقی,East Azerbaijan,041
968,ترکمانچای,,,,No,,,1,آذربایجان شرقی,East Azerbaijan,041
4,آقکند,AQKND,37.256908,48.064766,No,,,1,آذربایجان شرقی,East Azerbaijan,041
969,ترک,,,,No,,,1,آذربایجان شرقی,East Azerbaijan,041
44,میانه,Mianeh,37.428343,47.705862,No,,,1,آذربایجان شرقی,East Azerbaijan,041
970,اچاچی,,,,No,,,1,آذربایجان شرقی,East Azerbaijan,041
47,هشترود,HShTRVD,37.4764996,47.0495919,No,,,1,آذربایجان شرقی,East Azerbaijan,041
971,نظرکهریزی,,,,No,,,1,آذربایجان شرقی,East Azerbaijan,041
12,بناب,Bonab,37.3386053,46.0592907,No,,,1,آذربایجان شرقی,East Azerbaijan,041
972,خوشه مهر,,,,No,,,1,آذربایجان شرقی,East Azerbaijan,041
16,تیکمه داش,TYKMH DASh,37.7257203,46.9375589,No,,,1,آذربایجان شرقی,East Azerbaijan,041
973,کردکندی,,,,No,,,1,آذربایجان شرقی,East Azerbaijan,041
11,بستان آباد,Bostanabad,37.8429496,46.8339774,No,,,1,آذربایجان شرقی,East Azerbaijan,041
36,صوفیان,SVFYAN,38.27694,45.981373,No,,,1,آذربایجان شرقی,East Azerbaijan,041
19,خامنه,KhAMNH,38.1934507,45.6298023,No,,,1,آذربایجان شرقی,East Azerbaijan,041
32,شبستر,Shabestar,38.1783704,45.7002363,No,,,1,آذربایجان شرقی,East Azerbaijan,041
34,شرفخانه,ShRFKhANH,38.1786897,45.4892529,No,,,1,آذربایجان شرقی,East Azerbaijan,041
35,شندآباد,ShNDABAD,38.1414419,45.6298841,No,,,1,آذربایجان شرقی,East Azerbaijan,041
30,سیس,SYS,38.1997037,45.8124325,No,,,1,آذربایجان شرقی,East Azerbaijan,041
49,وایقان,VAYQAN,38.1304823,45.7129464,No,,,1,آذربایجان شرقی,East Azerbaijan,041
52,کوزه کنان,KVZH KNAN,38.1865623,45.5751442,No,,,1,آذربایجان شرقی,East Azerbaijan,041
974,داریان,,,,No,,,1,آذربایجان شرقی,East Azerbaijan,041
975,علیشاه,,,,No,,,1,آذربایجان شرقی,East Azerbaijan,041
15,تسوج,TSVJ,38.3168836,45.3590459,No,,,1,آذربایجان شرقی,East Azerbaijan,041
51,کلیبر,Kalibar,38.8653368,47.038217,No,,,1,آذربایجان شرقی,East Azerbaijan,041
1,آبش احمد,ABSh AHMD,39.0431974,47.3169755,No,,,1,آذربایجان شرقی,East Azerbaijan,041
22,خواجه,KhVAJH,38.1529122,46.5827856,No,,,1,آذربایجان شرقی,East Azerbaijan,041
976,اربطان,,,,No,,,1,آذربایجان شرقی,East Azerbaijan,041
46,هریس,HRYS,38.2472611,47.1162759,No,,,1,آذربایجان شرقی,East Azerbaijan,041
25,زرنق,ZRNQ,37.3351718,47.6724879,No,,,1,آذربایجان شرقی,East Azerbaijan,041
10,بخشایش,BKhShAYSh,38.131648,46.9471214,No,,,1,آذربایجان شرقی,East Azerbaijan,041
977,کلوانق,,,,No,,,1,آذربایجان شرقی,East Azerbaijan,041
31,سیه رود,SYH RVD,38.8693808,46.0023332,No,,,1,آذربایجان شرقی,East Azerbaijan,041
17,جلفا,Jolfa,38.937675,45.6251478,No,,,1,آذربایجان شرقی,East Azerbaijan,041
45,هادیشهر,HADYShHR,38.8416756,45.6648065,No,,,1,آذربایجان شرقی,East Azerbaijan,041
978,ملکان,,,,No,,,1,آذربایجان شرقی,East Azerbaijan,041
979,مبارک شهر,,,,No,,,1,آذربایجان شرقی,East Azerbaijan,041
54,گوگان,GVGAN,37.7818413,45.9038288,No,,,1,آذربایجان شرقی,East Azerbaijan,041
980,تیمورلو,,,,No,,,1,آذربایجان شرقی,East Azerbaijan,041
42,ممقان,MMQAN,37.8443261,45.9729822,No,,,1,آذربایجان شرقی,East Azerbaijan,041
3,آذرشهر,Azarshahr,37.7577189,45.9784018,No,,,1,آذربایجان شرقی,East Azerbaijan,041
7,ایلخچی,AYLKhChY,37.9389278,45.9800159,No,,,1,آذربایجان شرقی,East Azerbaijan,041
5,اسکو,ASKV,37.9163003,46.1243894,No,,,1,آذربایجان شرقی,East Azerbaijan,041
29,سهند,SHND,37.9471891,46.1184603,No,,,1,آذربایجان شرقی,East Azerbaijan,041
38,قره آغاج,QRH AGhAJ,37.1287747,46.9750123,No,,,1,آذربایجان شرقی,East Azerbaijan,041
18,خاروانا,KhARVANA,38.6851329,46.1697582,No,,,1,آذربایجان شرقی,East Azerbaijan,041
50,ورزقان,VRZQAN,38.5087607,46.6487801,No,,,1,آذربایجان شرقی,East Azerbaijan,041
981,جوان قلعه,,,,No,,,1,آذربایجان شرقی,East Azerbaijan,041
37,عجب شیر,Ajab Shir,37.4770929,45.8936922,No,,,1,آذربایجان شرقی,East Azerbaijan,041
982,خمارلو,,,,No,,,1,آذربایجان شرقی,East Azerbaijan,041
983,لاریجان,,,,No,,,1,آذربایجان شرقی,East Azerbaijan,041
984,عاشقلو,,,,No,,,1,آذربایجان شرقی,East Azerbaijan,041
48,هوراند,HVRAND,38.8604709,47.3683131,No,,,1,آذربایجان شرقی,East Azerbaijan,041
39,لیلان,LYLAN,37.0111324,46.2059139,No,,,1,آذربایجان شرقی,East Azerbaijan,041
985,قوشچی,,,,No,,,2,آذربایجان غربی,West Azerbaijan,044
68,سیلوانه,SYLVANH,37.4216528,44.8543213,No,,,2,آذربایجان غربی,West Azerbaijan,044
66,سرو,SRV,36.6163224,45.5116179,No,,,2,آذربایجان غربی,West Azerbaijan,044
57,ارومیه,Urmia,37.5493473,45.0682863,Yes,,,2,آذربایجان غربی,West Azerbaijan,044
986,نوشین,,,,No,,,2,آذربایجان غربی,West Azerbaijan,044
86,پیرانشهر,Piranshahr,36.6994559,45.140337,No,,,2,آذربایجان غربی,West Azerbaijan,044
987,لاجان,,,,No,,,2,آذربایجان غربی,West Azerbaijan,044
64,خوی,Khoy,38.5504343,44.95354,No,,,2,آذربایجان غربی,West Azerbaijan,044
988,دیزج دیز,,,,No,,,2,آذربایجان غربی,West Azerbaijan,044
989,زرآباد,,,,No,,,2,آذربایجان غربی,West Azerbaijan,044
59,ایواوغلی,AYVAVGhLY,38.7139034,45.206595,No,,,2,آذربایجان غربی,West Azerbaijan,044
990,قطور,,,,No,,,2,آذربایجان غربی,West Azerbaijan,044
73,فیرورق,FYRVRQ,38.5821035,44.8316495,No,,,2,آذربایجان غربی,West Azerbaijan,044
65,سردشت,Sardasht,36.1553184,45.4799637,No,,,2,آذربایجان غربی,West Azerbaijan,044
991,ربط,,,,No,,,2,آذربایجان غربی,West Azerbaijan,044
992,نلاس,,,,No,,,2,آذربایجان غربی,West Azerbaijan,044
993,تازه شهر,,,,No,,,2,آذربایجان غربی,West Azerbaijan,044
67,سلماس,Salmas,38.1969035,44.7685015,No,,,2,آذربایجان غربی,West Azerbaijan,044
75,ماکو,Maku,39.2910508,44.4521426,No,,,2,آذربایجان غربی,West Azerbaijan,044
61,بازرگان,BAZRGAN,39.3886668,44.3876859,No,,,2,آذربایجان غربی,West Azerbaijan,044
994,خلیفان,,,,No,,,2,آذربایجان غربی,West Azerbaijan,044
79,مهاباد,Mahabad,37.55128515,45.0880451009582,No,,,2,آذربایجان غربی,West Azerbaijan,044
995,گوگ تپه,,,,No,,,2,آذربایجان غربی,West Azerbaijan,044
80,میاندوآب,Miandoab,36.9695588,46.0993809,No,,,2,آذربایجان غربی,West Azerbaijan,044
996,بکتاش,,,,No,,,2,آذربایجان غربی,West Azerbaijan,044
83,نقده,Naqadeh,36.9555967,45.3878933,No,,,2,آذربایجان غربی,West Azerbaijan,044
76,محمدیار,MHMDYAR,36.9841837,45.5167584,No,,,2,آذربایجان غربی,West Azerbaijan,044
69,سیمینه,SYMYNH,36.7303445,46.1534194,No,,,2,آذربایجان غربی,West Azerbaijan,044
62,بوکان,Bukan,36.5215096,46.2111837,No,,,2,آذربایجان غربی,West Azerbaijan,044
71,شاهین دژ,Shahin Dezh,36.6784386,46.5656627,No,,,2,آذربایجان غربی,West Azerbaijan,044
77,محمودآباد,MHMVDABAD,37.3659163,45.130571,No,,,2,آذربایجان غربی,West Azerbaijan,044
88,کشاورز,KShAVRZ,36.8355495,46.3573777,No,,,2,آذربایجان غربی,West Azerbaijan,044
63,تکاب,Takab,36.4007658,47.1117125,No,,,2,آذربایجان غربی,West Azerbaijan,044
997,تخت سلیمان,,,,No,,,2,آذربایجان غربی,West Azerbaijan,044
58,اشنویه,Oshnaviyeh,37.0418235,45.0983499,No,,,2,آذربایجان غربی,West Azerbaijan,044
82,نالوس,NALVS,36.9835017,45.1431549,No,,,2,آذربایجان غربی,West Azerbaijan,044
56,آواجیق,AVAJYQ,39.3301839,44.1538901,No,,,2,آذربایجان غربی,West Azerbaijan,044
70,سیه چشمه,SYH ChShMH,39.0651269,44.3844026,No,,,2,آذربایجان غربی,West Azerbaijan,044
998,نازک علیا,,,,No,,,2,آذربایجان غربی,West Azerbaijan,044
85,پلدشت,PLDShT,39.3476817,45.0687348,No,,,2,آذربایجان غربی,West Azerbaijan,044
999,حاجیلار,,,,No,,,2,آذربایجان غربی,West Azerbaijan,044
74,قره ضیاءالدین,QRH ZYAALDYN,38.890746,45.026135,No,,,2,آذربایجان غربی,West Azerbaijan,044
1000,مرگنلر,,,,No,,,2,آذربایجان غربی,West Azerbaijan,044
72,شوط,ShVT,39.2178874,44.7711898,No,,,2,آذربایجان غربی,West Azerbaijan,044
1001,یولاگلدی,,,,No,,,2,آذربایجان غربی,West Azerbaijan,044
1002,چهاربرج,,,,No,,,2,آذربایجان غربی,West Azerbaijan,044
60,باروق,BARVQ,36.9546339,46.3247366,No,,,2,آذربایجان غربی,West Azerbaijan,044
81,میرآباد,MYRABAD,38.998891,44.7098283,No,,,2,آذربایجان غربی,West Azerbaijan,044
1003,حمیل,,,,No,,,27,کرمانشاه,Kermanshah,083
774,اسلام آبادغرب,Eslamabad-e Gharb,34.1132923,46.5257463,No,,,27,کرمانشاه,Kermanshah,083
797,هلشی,HLShY,34.1108,47.0896,No,,,27,کرمانشاه,Kermanshah,083
799,کرمانشاه,Kermanshah,34.3239414,47.0735891,Yes,,,27,کرمانشاه,Kermanshah,083
1004,رباط,,,,No,,,27,کرمانشاه,Kermanshah,083
801,کوزران,KVZRAN,34.4965,46.599,No,,,27,کرمانشاه,Kermanshah,083
1005,قلعه,,,,No,,,27,کرمانشاه,Kermanshah,083
775,باینگان,BAYNGAN,34.9813,46.2709,No,,,27,کرمانشاه,Kermanshah,083
1006,بانوره,,,,No,,,27,کرمانشاه,Kermanshah,083
798,پاوه,Paveh,35.0458307,46.3622191,No,,,27,کرمانشاه,Kermanshah,083
1007,نودشه,,,,No,,,27,کرمانشاه,Kermanshah,083
795,نوسود,NVSVD,35.1612676,46.2042463,No,,,27,کرمانشاه,Kermanshah,083
782,سرپل ذهاب,Sarpol-e Zahab,34.4607687,45.863763,No,,,27,کرمانشاه,Kermanshah,083
784,سنقر,Sonqor,34.7832217,47.5988073,No,,,27,کرمانشاه,Kermanshah,083
783,سطر,STR,34.8126546,47.4612562,No,,,27,کرمانشاه,Kermanshah,083
785,سومار,Sumar,33.8862053,45.6388242,No,,,27,کرمانشاه,Kermanshah,083
789,قصرشیرین,Qasr-e Shirin,34.515594,45.5800155,No,,,27,کرمانشاه,Kermanshah,083
800,کنگاور,Kangavar,34.5051774,47.9658794,No,,,27,کرمانشاه,Kermanshah,083
1008,گودین,,,,No,,,27,کرمانشاه,Kermanshah,083
803,گیلانغرب,GYLANGhRB,34.1411088,45.9140759,No,,,27,کرمانشاه,Kermanshah,083
781,سرمست,SRMST,34.0266,46.329,No,,,27,کرمانشاه,Kermanshah,083
778,جوانرود,Javanrud,34.8039724,46.4920807,No,,,27,کرمانشاه,Kermanshah,083
1009,شروینه,,,,No,,,27,کرمانشاه,Kermanshah,083
1010,دینور,,,,No,,,27,کرمانشاه,Kermanshah,083
788,صحنه,Sahneh,34.4812132,47.6935934,No,,,27,کرمانشاه,Kermanshah,083
776,بیستون,BYSTVN,34.3995692,47.4448343,No,,,27,کرمانشاه,Kermanshah,083
796,هرسین,Harsin,34.2721,47.5861,No,,,27,کرمانشاه,Kermanshah,083
1011,تازه آباد,,,,No,,,27,کرمانشاه,Kermanshah,083
773,ازگله,AZGLH,34.8322142,45.8424966,No,,,27,کرمانشاه,Kermanshah,083
1012,میرآباد,,,,No,,,27,کرمانشاه,Kermanshah,083
802,گهواره,GHVARH,34.344125,46.417181,No,,,27,کرمانشاه,Kermanshah,083
1013,کرند,,,,No,,,27,کرمانشاه,Kermanshah,083
1014,ریجاب,,,,No,,,27,کرمانشاه,Kermanshah,083
1015,شاهو,,,,No,,,27,کرمانشاه,Kermanshah,083
780,روانسر,Ravansar,34.7161309,46.6508369,No,,,27,کرمانشاه,Kermanshah,083
357,اروندکنار,ARVNDKNAR,30.061830,48.453658,No,,,12,خوزستان,Khuzestan,061
356,آبادان,Abadan,30.348326,48.293828,No,,,12,خوزستان,Khuzestan,061
1016,چویبده,,,,No,,,12,خوزستان,Khuzestan,061
1017,حسینیه,,,,No,,,12,خوزستان,Khuzestan,061
1018,بیدروبه,,,,No,,,12,خوزستان,Khuzestan,061
359,اندیمشک,Andimeshk,32.46,48.359167,No,,,12,خوزستان,Khuzestan,061
1019,آزادی,,,,No,,,12,خوزستان,Khuzestan,061
1020,چم گلک,,,,No,,,12,خوزستان,Khuzestan,061
361,اهواز,Ahvaz,31.3183272,48.6706187,Yes,,,12,خوزستان,Khuzestan,061
1021,الهایی,,,,No,,,12,خوزستان,Khuzestan,061
362,ایذه,Izeh,31.823493,49.869690,No,,,12,خوزستان,Khuzestan,061
1022,بندرامام خمینی,,,,No,,,12,خوزستان,Khuzestan,061
1023,بندرماهشهر,,,,No,,,12,خوزستان,Khuzestan,061
1024,چمران,,,,No,,,12,خوزستان,Khuzestan,061
1025,سردشت,,,,No,,,12,خوزستان,Khuzestan,061
366,بهبهان,Behbahan,30.590222,50.235136,No,,,12,خوزستان,Khuzestan,061
1026,منصوریه,,,,No,,,12,خوزستان,Khuzestan,061
1027,تشان,,,,No,,,12,خوزستان,Khuzestan,061
369,خرمشهر,Khorramshahr,30.424768,48.185351,No,,,12,خوزستان,Khuzestan,061
1028,مقاومت,,,,No,,,12,خوزستان,Khuzestan,061
388,مینوشهر,MYNVShHR,30.352953,48.215451,No,,,12,خوزستان,Khuzestan,061
1029,حمزه,,,,No,,,12,خوزستان,Khuzestan,061
1030,سالند,,,,No,,,12,خوزستان,Khuzestan,061
371,دزفول,Dezful,32.3830777,48.4235841,No,,,12,خوزستان,Khuzestan,061
1031,شمس آباد,,,,No,,,12,خوزستان,Khuzestan,061
1032,شهر امام,,,,No,,,12,خوزستان,Khuzestan,061
1033,صفی آباد,,,,No,,,12,خوزستان,Khuzestan,061
387,میانرود,MYANRVD,32.151171,48.441360,No,,,12,خوزستان,Khuzestan,061
1034,سیاه منصور,,,,No,,,12,خوزستان,Khuzestan,061
1035,منتظران,,,,No,,,12,خوزستان,Khuzestan,061
1036,چغامیش,,,,No,,,12,خوزستان,Khuzestan,061
1037,جندی شاپور,,,,No,,,12,خوزستان,Khuzestan,061
1038,شهیون,,,,No,,,12,خوزستان,Khuzestan,061
364,بستان,Bostan,31.712852,48.002638,No,,,12,خوزستان,Khuzestan,061
376,سوسنگرد,Susangerd,31.556703,48.170071,No,,,12,خوزستان,Khuzestan,061
1039,کوت سیدنعیم,,,,No,,,12,خوزستان,Khuzestan,061
1040,ابوحمیظه,,,,No,,,12,خوزستان,Khuzestan,061
375,رامهرمز,Ramhormoz,31.277735,49.598809,No,,,12,خوزستان,Khuzestan,061
1041,رود زرد ماشین,,,,No,,,12,خوزستان,Khuzestan,061
1042,سلطان آباد,,,,No,,,12,خوزستان,Khuzestan,061
1043,باوج,,,,No,,,12,خوزستان,Khuzestan,061
377,شادگان,Shadegan,30.654708,48.654242,No,,,12,خوزستان,Khuzestan,061
1044,خنافره,,,,No,,,12,خوزستان,Khuzestan,061
370,دارخوین,DARKhVYN,30.740025,48.433614,No,,,12,خوزستان,Khuzestan,061
380,شوشتر,Shushtar,32.052085,48.849722,No,,,12,خوزستان,Khuzestan,061
1045,شرافت,,,,No,,,12,خوزستان,Khuzestan,061
1046,سرداران,,,,No,,,12,خوزستان,Khuzestan,061
1047,گوریه,,,,No,,,12,خوزستان,Khuzestan,061
1048,عرب حسن,,,,No,,,12,خوزستان,Khuzestan,061
385,مسجدسلیمان,Masjed Soleyman,31.936389,49.303889,No,,,12,خوزستان,Khuzestan,061
1049,گلگیر,,,,No,,,12,خوزستان,Khuzestan,061
1050,عنبر,,,,No,,,12,خوزستان,Khuzestan,061
379,شوش,Shush,32.195658,48.253756,No,,,12,خوزستان,Khuzestan,061
1051,حر,,,,No,,,12,خوزستان,Khuzestan,061
1052,فتح المبین,,,,No,,,12,خوزستان,Khuzestan,061
363,باغ ملک,Bagh-e Malek,31.525834,49.890161,No,,,12,خوزستان,Khuzestan,061
1053,میداود,,,,No,,,12,خوزستان,Khuzestan,061
1054,قلعه تل,,,,No,,,12,خوزستان,Khuzestan,061
1055,جایزان,,,,No,,,12,خوزستان,Khuzestan,061
358,امیدیه,Omidiyeh,30.760341,49.701483,No,,,12,خوزستان,Khuzestan,061
1056,میانکوه,,,,No,,,12,خوزستان,Khuzestan,061
383,لالی,LALY,32.328889,49.093611,No,,,12,خوزستان,Khuzestan,061
1057,تراز,,,,No,,,12,خوزستان,Khuzestan,061
390,هندیجان,HNDYJAN,30.238341,49.705968,No,,,12,خوزستان,Khuzestan,061
1058,زهره,,,,No,,,12,خوزستان,Khuzestan,061
374,رامشیر,Ramshir,30.895778,49.408779,No,,,12,خوزستان,Khuzestan,061
1059,مشراگه,,,,No,,,12,خوزستان,Khuzestan,061
1060,ترکالکی,,,,No,,,12,خوزستان,Khuzestan,061
1061,سماله,,,,No,,,12,خوزستان,Khuzestan,061
395,گتوند,Gotvand,32.243753,48.809252,No,,,12,خوزستان,Khuzestan,061
1062,صالح شهر,,,,No,,,12,خوزستان,Khuzestan,061
1063,جنت مکان,,,,No,,,12,خوزستان,Khuzestan,061
1064,آبژدان,,,,No,,,12,خوزستان,Khuzestan,061
1065,زاووت,,,,No,,,12,خوزستان,Khuzestan,061
382,قلعه خواجه,QLAH KhVAJH,32.204799,49.446391,No,,,12,خوزستان,Khuzestan,061
389,هفتگل,HFTGL,30.707295,49.159817,No,,,12,خوزستان,Khuzestan,061
1066,رفیع,,,,No,,,12,خوزستان,Khuzestan,061
391,هویزه,HVYZH,31.467596,48.075335,No,,,12,خوزستان,Khuzestan,061
386,ملاثانی,MLASANY,31.582792,48.886972,No,,,12,خوزستان,Khuzestan,061
1067,ویس,,,,No,,,12,خوزستان,Khuzestan,061
1068,شیبان,,,,No,,,12,خوزستان,Khuzestan,061
368,حمیدیه,HMYDYH,31.477761,48.433571,No,,,12,خوزستان,Khuzestan,061
1069,آغاجاری,,,,No,,,12,خوزستان,Khuzestan,061
1070,جولکی,,,,No,,,12,خوزستان,Khuzestan,061
1071,کوت عبداله,,,,No,,,12,خوزستان,Khuzestan,061
1072,الوان,,,,No,,,12,خوزستان,Khuzestan,061
1073,شاوور,,,,No,,,12,خوزستان,Khuzestan,061
373,دهدز,DHDZ,31.823493,50.294466,No,,,12,خوزستان,Khuzestan,061
381,صیدون,SYDVN,31.364923,50.075254,No,,,12,خوزستان,Khuzestan,061
461,آباده,Abadeh,31.1627056,52.6490454,No,,,16,فارس,Fars,071
469,ایزدخواست,AYZDKhVAST,31.5158438,52.1247911,No,,,16,فارس,Fars,071
493,سورمق,SVRMQ,31.0338723,52.8397513,No,,,16,فارس,Fars,071
500,صغاد,SGhAD,31.1915603,52.5155699,No,,,16,فارس,Fars,071
473,بهمن,BHMN,31.192208,52.486238,No,,,16,فارس,Fars,071
1074,رونیز,,,,No,,,16,فارس,Fars,071
464,استهبان,ASTHBAN,29.1252321,54.0405113,No,,,16,فارس,Fars,071
1075,ایج,,,,No,,,16,فارس,Fars,071
1076,دژکرد,,,,No,,,16,فارس,Fars,071
1077,سده,,,,No,,,16,فارس,Fars,071
466,اقلید,Eqlid,30.8925778,52.688496,No,,,16,فارس,Fars,071
1078,حسن اباد,,,,No,,,16,فارس,Fars,071
1079,دوزه,,,,No,,,16,فارس,Fars,071
508,قطب آباد,QTB ABAD,28.6393017,53.6378046,No,,,16,فارس,Fars,071
477,جهرم,Jahrom,28.4961762,53.5593366,No,,,16,فارس,Fars,071
1080,رستاق,,,,No,,,16,فارس,Fars,071
485,داراب,Darab,28.753194,54.548149,No,,,16,فارس,Fars,071
1081,فدامی,,,,No,,,16,فارس,Fars,071
1082,دوبرجی,,,,No,,,16,فارس,Fars,071
476,جنت شهر,JNT ShHR,28.6548665,54.6837567,No,,,16,فارس,Fars,071
1083,پاسخن,,,,No,,,16,فارس,Fars,071
1084,اردکان,,,,No,,,16,فارس,Fars,071
1085,هماشهر,,,,No,,,16,فارس,Fars,071
499,شیراز,Shiraz,29.6060218,52.5378041,Yes,,,16,فارس,Fars,071
1086,شهرصدرا,,,,No,,,16,فارس,Fars,071
1087,داریان,,,,No,,,16,فارس,Fars,071
1088,خانه زنیان,,,,No,,,16,فارس,Fars,071
496,ششده,ShShDH,28.927610,54.051518,No,,,16,فارس,Fars,071
1089,قره بلاغ,,,,No,,,16,فارس,Fars,071
1090,زاهدشهر,,,,No,,,16,فارس,Fars,071
1091,میانشهر,,,,No,,,16,فارس,Fars,071
504,فسا,Fasa,28.9366395,53.6510677,No,,,16,فارس,Fars,071
1092,نوبندگان,,,,No,,,16,فارس,Fars,071
505,فیروزآباد,Firuzabad,28.845604,52.5727236,No,,,16,فارس,Fars,071
515,میمند,MYMND,28.8664357,52.7485571,No,,,16,فارس,Fars,071
471,بالاده,BALADH,29.2869221,51.9394109,No,,,16,فارس,Fars,071
523,کنارتخته,KNARTKhTH,29.5327812,51.3960796,No,,,16,فارس,Fars,071
521,کازرون,Kazerun,29.6203251,51.6520826,No,,,16,فارس,Fars,071
481,خشت,KhShT,29.5679441,51.3395311,No,,,16,فارس,Fars,071
510,لار,Lar,27.6619203,54.3229561,No,,,16,فارس,Fars,071
1093,لطیفی,,,,No,,,16,فارس,Fars,071
483,خور,Khur,27.6399501,54.3422031,No,,,16,فارس,Fars,071
1094,دهکویه,,,,No,,,16,فارس,Fars,071
475,بیرم,BYRM,27.4298807,53.5141478,No,,,16,فارس,Fars,071
472,بنارویه,BNARVYH,28.0832919,54.0467988,No,,,16,فارس,Fars,071
1095,عماد شهر,,,,No,,,16,فارس,Fars,071
522,کامفیروز,KAMFYRVZ,30.3222845,52.1932593,No,,,16,فارس,Fars,071
1096,فتح آباد,,,,No,,,16,فارس,Fars,071
512,مرودشت,Marvdasht,29.8762905,52.8062895,No,,,16,فارس,Fars,071
1097,زنگی آباد,,,,No,,,16,فارس,Fars,071
1098,رامجرد,,,,No,,,16,فارس,Fars,071
1099,سیدان,,,,No,,,16,فارس,Fars,071
1100,فاروق,,,,No,,,16,فارس,Fars,071
1101,خانیمن,,,,No,,,16,فارس,Fars,071
1102,بابامنیر,,,,No,,,16,فارس,Fars,071
517,نورآباد,Nurabad,30.1154071,51.5229633,No,,,16,فارس,Fars,071
484,خومه زار,KhVMH ZAR,30.0090201,51.5737978,No,,,16,فارس,Fars,071
1103,مشکان,,,,No,,,16,فارس,Fars,071
519,نی ریز,Neyriz,29.1972504,54.3267782,No,,,16,فارس,Fars,071
1104,قطرویه,,,,No,,,16,فارس,Fars,071
511,لامرد,Lamerd,27.333426,53.1816105,No,,,16,فارس,Fars,071
465,اشکنان,AShKNAN,27.2218581,53.6163045,No,,,16,فارس,Fars,071
1105,اهل,,,,No,,,16,فارس,Fars,071
502,علامرودشت,ALAMRVDShT,27.6248362,52.9976097,No,,,16,فارس,Fars,071
1106,چاه ورز,,,,No,,,16,فارس,Fars,071
1107,خیرگو,,,,No,,,16,فارس,Fars,071
474,بوانات,Bavanat,30.4828728,53.6003784,No,,,16,فارس,Fars,071
1108,مزایجان,,,,No,,,16,فارس,Fars,071
463,ارسنجان,Arsanjan,29.914968,53.3089761,No,,,16,فارس,Fars,071
1109,قادراباد,,,,No,,,16,فارس,Fars,071
501,صفاشهر,SFAShHR,30.6120886,53.1952146,No,,,16,فارس,Fars,071
498,شهرپیر,ShHR PYR,28.3116705,54.3351822,No,,,16,فارس,Fars,071
478,حاجی آباد,HAJY ABAD,28.360280,54.415108,No,,,16,فارس,Fars,071
486,دبیران,DBYRAN,28.4064149,54.1884143,No,,,16,فارس,Fars,071
1110,افزر,,,,No,,,16,فارس,Fars,071
509,قیر,QYR,28.482802,53.0357558,No,,,16,فارس,Fars,071
1111,امام شهر,,,,No,,,16,فارس,Fars,071
1112,مبارک آباددیز,,,,No,,,16,فارس,Fars,071
1113,کارزین (فتح آباد),,,,No,,,16,فارس,Fars,071
527,گله دار,GLH DAR,30.3553658,53.3927669,No,,,16,فارس,Fars,071
1114,فال,,,,No,,,16,فارس,Fars,071
1115,مهر,,,,No,,,16,فارس,Fars,071
520,وراوی,VRAVY,27.4668628,53.0501495,No,,,16,فارس,Fars,071
1116,خوزی,,,,No,,,16,فارس,Fars,071
1117,اسیر,,,,No,,,16,فارس,Fars,071
503,فراشبند,FRAShBND,28.8553783,52.0946443,No,,,16,فارس,Fars,071
1118,نوجین,,,,No,,,16,فارس,Fars,071
1119,دهرم,,,,No,,,16,فارس,Fars,071
492,سعادت شهر,SAADT ShHR,30.0797928,53.1358118,No,,,16,فارس,Fars,071
1120,مادرسلیمان,,,,No,,,16,فارس,Fars,071
1121,محمله,,,,No,,,16,فارس,Fars,071
482,خنج,KhNJ,27.8899259,53.4367822,No,,,16,فارس,Fars,071
524,کوهنجان,KVHNJAN,29.230833,52.955278,No,,,16,فارس,Fars,071
491,سروستان,Sarvestan,29.273611,53.220278,No,,,16,فارس,Fars,071
1122,کوپن,,,,No,,,16,فارس,Fars,071
1123,مصیری,,,,No,,,16,فارس,Fars,071
526,گراش,Gerash,27.6701538,54.1378384,No,,,16,فارس,Fars,071
1124,ارد,,,,No,,,16,فارس,Fars,071
1125,اکبرآباد,,,,No,,,16,فارس,Fars,071
1126,مظفری,,,,No,,,16,فارس,Fars,071
1127,کوار,,,,No,,,16,فارس,Fars,071
1128,طسوج,,,,No,,,16,فارس,Fars,071
1129,سلطان شهر,,,,No,,,16,فارس,Fars,071
480,خرامه,KhRAMH,29.498294,53.3122486,No,,,16,فارس,Fars,071
1130,معزآبادجابری,,,,No,,,16,فارس,Fars,071
1131,خیراباد,,,,No,,,16,فارس,Fars,071
489,زرقان,Zarqan,29.7788503,52.7185108,No,,,16,فارس,Fars,071
1132,لپویی,,,,No,,,16,فارس,Fars,071
1133,رحمت آباد,,,,No,,,16,فارس,Fars,071
1134,بیضا,,,,No,,,16,فارس,Fars,071
1135,حسامی,,,,No,,,16,فارس,Fars,071
1136,کره ای,,,,No,,,16,فارس,Fars,071
1137,باغ صفا,,,,No,,,16,فارس,Fars,071
1138,توجردی,,,,No,,,16,فارس,Fars,071
1139,قایمیه,,,,No,,,16,فارس,Fars,071
516,نودان,NVDAN,29.8019495,51.6935995,No,,,16,فارس,Fars,071
470,باب انار,BAB ANAR,28.9621588,53.2168427,No,,,16,فارس,Fars,071
479,خاوران,Khavaran,28.937829,53.3147706,No,,,16,فارس,Fars,071
1140,خواجه جمالی,,,,No,,,16,فارس,Fars,071
1141,آباده طشک,,,,No,,,16,فارس,Fars,071
1142,تم شولی,,,,No,,,16,فارس,Fars,071
1143,اوز,,,,No,,,16,فارس,Fars,071
1144,کوره,,,,No,,,16,فارس,Fars,071
1145,جویم,,,,No,,,16,فارس,Fars,071
733,بافت,Baft,29.2340169,56.6056569,No,,,26,کرمان,Kerman,034
736,بزنجان,BZNJAN,29.2513403,56.6995331,No,,,26,کرمان,Kerman,034
1146,کشکوییه,,,,No,,,26,کرمان,Kerman,034
737,بم,Bam,29.1059864,58.3565663,No,,,26,کرمان,Kerman,034
735,بروات,BRVAT,29.0661863,58.404499,No,,,26,کرمان,Kerman,034
1147,دهبکری,,,,No,,,26,کرمان,Kerman,034
1148,درب بهشت,,,,No,,,26,کرمان,Kerman,034
739,جبالبارز,JBALBARZ,28.908836,57.885253,No,,,26,کرمان,Kerman,034
741,جیرفت,Jiroft,28.6697367,57.7373382,No,,,26,کرمان,Kerman,034
1149,علی آباد,,,,No,,,26,کرمان,Kerman,034
1150,بلوک,,,,No,,,26,کرمان,Kerman,034
746,رفسنجان,Rafsanjan,30.402184,55.9941776,No,,,26,کرمان,Kerman,034
1151,مس سرچشمه,,,,No,,,26,کرمان,Kerman,034
1152,کشکوییه,,,,No,,,26,کرمان,Kerman,034
738,بهرمان,BHRMAN,30.9034647,55.7289235,No,,,26,کرمان,Kerman,034
1153,جوادیه الهیه,,,,No,,,26,کرمان,Kerman,034
1154,صفاییه,,,,No,,,26,کرمان,Kerman,034
749,زرند,Zarand,30.8134822,56.5672432,No,,,26,کرمان,Kerman,034
1155,خانوک,,,,No,,,26,کرمان,Kerman,034
1156,ریحان,,,,No,,,26,کرمان,Kerman,034
772,یزدان شهر,YZDAN ShHR,30.8653247,56.3647809,No,,,26,کرمان,Kerman,034
1157,سیریز,,,,No,,,26,کرمان,Kerman,034
752,سیرجان,Sirjan,29.4447686,55.6712851,No,,,26,کرمان,Kerman,034
1158,نجف شهر,,,,No,,,26,کرمان,Kerman,034
765,پاریز,PARYZ,29.8735063,55.7493447,No,,,26,کرمان,Kerman,034
1159,هماشهر,,,,No,,,26,کرمان,Kerman,034
1160,خواجو شهر,,,,No,,,26,کرمان,Kerman,034
751,زیدآباد,ZYDABAD,29.6004426,55.5367771,No,,,26,کرمان,Kerman,034
1161,بلورد,,,,No,,,26,کرمان,Kerman,034
754,شهربابک,Shahr-e Babak,30.1191968,55.1243149,No,,,26,کرمان,Kerman,034
1162,خورسند,,,,No,,,26,کرمان,Kerman,034
1163,خاتون آباد,,,,No,,,26,کرمان,Kerman,034
1164,جوزم,,,,No,,,26,کرمان,Kerman,034
742,دهج,DHJ,30.6907903,54.8777097,No,,,26,کرمان,Kerman,034
753,شهداد,ShHDAD,30.4196387,57.7023666,No,,,26,کرمان,Kerman,034
731,اندوهجرد,ANDVHJRD,30.2315368,57.751371,No,,,26,کرمان,Kerman,034
1165,گلباف,,,,No,,,26,کرمان,Kerman,034
740,جوپار,JVPAR,30.0602871,57.1107791,No,,,26,کرمان,Kerman,034
1166,ماهان,,,,No,,,26,کرمان,Kerman,034
759,محی آباد,MHY ABAD,30.0837663,57.162155,No,,,26,کرمان,Kerman,034
768,کرمان,Kerman,30.2924085,57.0645647,Yes,,,26,کرمان,Kerman,034
732,باغین,BAGhYN,30.187107,56.8176548,No,,,26,کرمان,Kerman,034
750,زنگی آباد,ZNGY ABAD,30.4102939,56.9155312,No,,,26,کرمان,Kerman,034
727,اختیارآباد,AKhTYARABAD,30.3276538,56.9247177,No,,,26,کرمان,Kerman,034
745,راین,RAYN,29.5981294,57.4364877,No,,,26,کرمان,Kerman,034
766,چترود,ChTRVD,30.6012065,56.9087704,No,,,26,کرمان,Kerman,034
767,کاظم آباد,KAZM ABAD,30.5674028,56.844081,No,,,26,کرمان,Kerman,034
769,کهنوج,KHNVJ,27.9502255,57.7025775,No,,,26,کرمان,Kerman,034
1167,ده کهان,,,,No,,,26,کرمان,Kerman,034
1168,چاه مرید,,,,No,,,26,کرمان,Kerman,034
734,بردسیر,Bardsir,29.9283973,56.5717384,No,,,26,کرمان,Kerman,034
1169,دشتکار,,,,No,,,26,کرمان,Kerman,034
1170,لاله زار,,,,No,,,26,کرمان,Kerman,034
771,گلزار,GLZAR,29.7111348,57.0372966,No,,,26,کرمان,Kerman,034
1171,نگار,,,,No,,,26,کرمان,Kerman,034
1172,هجدک,,,,No,,,26,کرمان,Kerman,034
744,راور,Ravar,31.2676737,56.8069974,No,,,26,کرمان,Kerman,034
755,عنبرآباد,ANBRABAD,28.4779105,57.844051,No,,,26,کرمان,Kerman,034
1173,دوساری,,,,No,,,26,کرمان,Kerman,034
760,مردهک,MRDHK,28.3601239,58.1590145,No,,,26,کرمان,Kerman,034
761,منوجان,MNVJAN,27.4014947,57.4949725,No,,,26,کرمان,Kerman,034
764,نودژ,NVDZh,27.511794,57.4531218,No,,,26,کرمان,Kerman,034
1174,کیانشهر,,,,No,,,26,کرمان,Kerman,034
770,کوهبنان,Kuhbanan,31.4100681,56.2825998,No,,,26,کرمان,Kerman,034
1175,رودبار,,,,No,,,26,کرمان,Kerman,034
1176,چاه دادخدا,,,,No,,,26,کرمان,Kerman,034
1177,رمشک,,,,No,,,26,کرمان,Kerman,034
758,قلعه گنج,Qaleh Ganj,27.5239005,57.8771387,No,,,26,کرمان,Kerman,034
1178,رحمت آباد,,,,No,,,26,کرمان,Kerman,034
1179,عباس آباد سردار,,,,No,,,26,کرمان,Kerman,034
1180,محمدآباد,,,,No,,,26,کرمان,Kerman,034
743,رابر,Raver,29.291562,56.912398,No,,,26,کرمان,Kerman,034
1181,هنزا,,,,No,,,26,کرمان,Kerman,034
757,فهرج,FHRJ,28.9454742,58.8845357,No,,,26,کرمان,Kerman,034
1182,دهنو اسلام آباد,,,,No,,,26,کرمان,Kerman,034
730,انار,Anar,30.8724332,55.2720954,No,,,26,کرمان,Kerman,034
729,امین شهر,AMYN ShHR,30.8419668,55.3413062,No,,,26,کرمان,Kerman,034
762,نرماشیر,NRMAShYR,28.9513934,58.6963456,No,,,26,کرمان,Kerman,034
763,نظام شهر,NZAM ShHR,28.9163336,58.5496666,No,,,26,کرمان,Kerman,034
756,فاریاب,FARYAB,28.0937638,57.2264594,No,,,26,کرمان,Kerman,034
1183,پاسفید,,,,No,,,26,کرمان,Kerman,034
1184,ارزوییه,,,,No,,,26,کرمان,Kerman,034
1185,علی آباد,,,,No,,,26,کرمان,Kerman,034
1186,گنبکی,,,,No,,,26,کرمان,Kerman,034
1187,زهکلوت,,,,No,,,26,کرمان,Kerman,034
291,تایباد,Taybad,34.7401763,60.7755127,No,,,10,خراسان رضوی,Razavi Khorasan,051
337,کاریز,KARYZ,34.8127778,60.8241667,No,,,10,خراسان رضوی,Razavi Khorasan,051
1188,مشهد ریزه,,,,No,,,10,خراسان رضوی,Razavi Khorasan,051
1189,بایک,,,,No,,,10,خراسان رضوی,Razavi Khorasan,051
1190,کدکن,,,,No,,,10,خراسان رضوی,Razavi Khorasan,051
293,تربت حیدریه,Torbat-e Heydarieh,35.2740853,59.2194494,No,,,10,خراسان رضوی,Razavi Khorasan,051
1191,نسر,,,,No,,,10,خراسان رضوی,Razavi Khorasan,051
1192,رباط سنگ,,,,No,,,10,خراسان رضوی,Razavi Khorasan,051
292,تربت جام,Torbat-e Jam,35.2432546,60.626313,No,,,10,خراسان رضوی,Razavi Khorasan,051
327,نصرآباد,NSRABAD,36.6416168,59.191188,No,,,10,خراسان رضوی,Razavi Khorasan,051
1193,احمدآباد صولت,,,,No,,,10,خراسان رضوی,Razavi Khorasan,051
331,نیل شهر,NYL ShHR,35.1224857,60.7736351,No,,,10,خراسان رضوی,Razavi Khorasan,051
1194,سمیع آباد,,,,No,,,10,خراسان رضوی,Razavi Khorasan,051
333,چاپشلو,ChAPShLV,37.3514931,59.0774864,No,,,10,خراسان رضوی,Razavi Khorasan,051
323,لطف آباد,LTF ABAD,36.631111,57.600833,No,,,10,خراسان رضوی,Razavi Khorasan,051
303,درگز,Dargaz,37.4470313,59.1064876,No,,,10,خراسان رضوی,Razavi Khorasan,051
329,نوخندان,NVKhNDAN,37.5200945,58.9893154,No,,,10,خراسان رضوی,Razavi Khorasan,051
1195,روداب,,,,No,,,10,خراسان رضوی,Razavi Khorasan,051
308,سبزوار,Sabzevar,36.2134053,57.6808799,No,,,10,خراسان رضوی,Razavi Khorasan,051
284,باجگیران,BAJGYRAN,37.622419,58.418449,No,,,10,خراسان رضوی,Razavi Khorasan,051
1196,مزرج,,,,No,,,10,خراسان رضوی,Razavi Khorasan,051
322,قوچان,Quchan,37.105993,58.5108056,No,,,10,خراسان رضوی,Razavi Khorasan,051
1197,آلماجق,,,,No,,,10,خراسان رضوی,Razavi Khorasan,051
1198,شهر کهنه,,,,No,,,10,خراسان رضوی,Razavi Khorasan,051
338,کاشمر,Kashmar,35.2444908,58.464248,No,,,10,خراسان رضوی,Razavi Khorasan,051
1199,فرگ قلعه,,,,No,,,10,خراسان رضوی,Razavi Khorasan,051
289,بیدخت,BYDKhT,34.3463245,58.7573243,No,,,10,خراسان رضوی,Razavi Khorasan,051
340,گناباد,Gonabad,34.350302,58.6859427,No,,,10,خراسان رضوی,Razavi Khorasan,051
1200,روشناوند,,,,No,,,10,خراسان رضوی,Razavi Khorasan,051
336,کاخک,KAKhK,34.1511878,58.6392528,No,,,10,خراسان رضوی,Razavi Khorasan,051
326,ملک آباد,MLK ABAD,35.9993296,59.5910871,No,,,10,خراسان رضوی,Razavi Khorasan,051
324,مشهد,Mashhad,36.2974945,59.6059232,Yes,,,10,خراسان رضوی,Razavi Khorasan,051
1201,مشهد ثامن,,,,No,,,10,خراسان رضوی,Razavi Khorasan,051
1202,رضویه,,,,No,,,10,خراسان رضوی,Razavi Khorasan,051
335,چکنه,ChKNH,36.8179746,58.5035404,No,,,10,خراسان رضوی,Razavi Khorasan,051
330,نیشابور,Neyshabur,36.210595,58.7922805,No,,,10,خراسان رضوی,Razavi Khorasan,051
1203,بار,,,,No,,,10,خراسان رضوی,Razavi Khorasan,051
334,چناران,Chenaran,36.6483961,59.1185005,No,,,10,خراسان رضوی,Razavi Khorasan,051
1204,رادکان,,,,No,,,10,خراسان رضوی,Razavi Khorasan,051
1205,سیدآباد,,,,No,,,10,خراسان رضوی,Razavi Khorasan,051
311,سنگان,SNGAN,34.402234,60.256576,No,,,10,خراسان رضوی,Razavi Khorasan,051
300,خواف,Khvaf,34.5723166,60.1440373,No,,,10,خراسان رضوی,Razavi Khorasan,051
1206,نشتیفان,,,,No,,,10,خراسان رضوی,Razavi Khorasan,051
319,قاسم آباد,QASM ABAD,35.675227,59.4966158,No,,,10,خراسان رضوی,Razavi Khorasan,051
1207,سده,,,,No,,,10,خراسان رضوی,Razavi Khorasan,051
310,سلامی,SLAMY,34.745068,59.976769,No,,,10,خراسان رضوی,Razavi Khorasan,051
1208,مزدآوند,,,,No,,,10,خراسان رضوی,Razavi Khorasan,051
309,سرخس,Sarakhs,36.5399097,61.1564431,No,,,10,خراسان رضوی,Razavi Khorasan,051
1209,قلندر آباد,,,,No,,,10,خراسان رضوی,Razavi Khorasan,051
1210,سفید سنگ,,,,No,,,10,خراسان رضوی,Razavi Khorasan,051
316,فریمان,Fariman,35.701215,59.8465304,No,,,10,خراسان رضوی,Razavi Khorasan,051
315,فرهادگرد,FRHADGRD,35.7664697,59.7345327,No,,,10,خراسان رضوی,Razavi Khorasan,051
283,انابد,ANABD,35.2532264,57.8122034,No,,,10,خراسان رضوی,Razavi Khorasan,051
288,بردسکن,BRDSKN,35.2611338,57.9685311,No,,,10,خراسان رضوی,Razavi Khorasan,051
1211,شهرآباد,,,,No,,,10,خراسان رضوی,Razavi Khorasan,051
295,جنگل,JNGL,34.703244,59.221641,No,,,10,خراسان رضوی,Razavi Khorasan,051
306,رشتخوار,RShTKhVAR,34.974722,59.623611,No,,,10,خراسان رضوی,Razavi Khorasan,051
1212,چنار,,,,No,,,10,خراسان رضوی,Razavi Khorasan,051
1213,شهر زو,,,,No,,,10,خراسان رضوی,Razavi Khorasan,051
339,کلات,Kalat,36.995338,59.753716,No,,,10,خراسان رضوی,Razavi Khorasan,051
1214,حسن آباد,,,,No,,,10,خراسان رضوی,Razavi Khorasan,051
1215,کندر,,,,No,,,10,خراسان رضوی,Razavi Khorasan,051
299,خلیل آباد,KhLYL ABAD,35.535106,60.030846,No,,,10,خراسان رضوی,Razavi Khorasan,051
312,شادمهر,ShADMHR,35.171351,59.036677,No,,,10,خراسان رضوی,Razavi Khorasan,051
318,فیض آباد,FYZ ABAD,35.014390,58.777778,No,,,10,خراسان رضوی,Razavi Khorasan,051
287,بجستان,Bajestan,34.5163087,58.1834619,No,,,10,خراسان رضوی,Razavi Khorasan,051
1216,یونسی,,,,No,,,10,خراسان رضوی,Razavi Khorasan,051
314,طرقبه,Torqabeh,36.3097179,59.3741338,No,,,10,خراسان رضوی,Razavi Khorasan,051
313,شاندیز,ShANDYZ,36.3958867,59.2985989,No,,,10,خراسان رضوی,Razavi Khorasan,051
317,فیروزه,FYRVZH,36.2863586,58.5868002,No,,,10,خراسان رضوی,Razavi Khorasan,051
1217,گرماب,,,,No,,,10,خراسان رضوی,Razavi Khorasan,051
332,همت آباد,HMT ABAD,36.2976907,58.4637326,No,,,10,خراسان رضوی,Razavi Khorasan,051
294,جغتای,JGhTAY,36.638031,57.0743721,No,,,10,خراسان رضوی,Razavi Khorasan,051
1218,ریواده,,,,No,,,10,خراسان رضوی,Razavi Khorasan,051
305,دولت آباد,DVLT ABAD,36.4371492,59.1666169,No,,,10,خراسان رضوی,Razavi Khorasan,051
1219,چخماق,,,,No,,,10,خراسان رضوی,Razavi Khorasan,051
328,نقاب,NQAB,36.7105093,57.4086684,No,,,10,خراسان رضوی,Razavi Khorasan,051
296,حکم آباد,HKM ABAD,36.631111,57.600833,No,,,10,خراسان رضوی,Razavi Khorasan,051
285,باخرز,BAKhRZ,34.9941781,60.3148224,No,,,10,خراسان رضوی,Razavi Khorasan,051
1220,قلعه نو علیا,,,,No,,,10,خراسان رضوی,Razavi Khorasan,051
1221,سلطان آباد,,,,No,,,10,خراسان رضوی,Razavi Khorasan,051
1222,مشکان,,,,No,,,10,خراسان رضوی,Razavi Khorasan,051
1223,نوده انقلاب,,,,No,,,10,خراسان رضوی,Razavi Khorasan,051
301,داورزن,DAVRZN,36.3521485,56.8766695,No,,,10,خراسان رضوی,Razavi Khorasan,051
1224,ریوند,,,,No,,,10,خراسان رضوی,Razavi Khorasan,051
1225,صالح آباد,,,,No,,,10,خراسان رضوی,Razavi Khorasan,051
1226,جنت آباد,,,,No,,,10,خراسان رضوی,Razavi Khorasan,051
1227,ریوش,,,,No,,,10,خراسان رضوی,Razavi Khorasan,051
1228,درود,,,,No,,,10,خراسان رضوی,Razavi Khorasan,051
320,قدمگاه,QDMGAH,36.1063279,59.0597459,No,,,10,خراسان رضوی,Razavi Khorasan,051
298,خرو,KhRV,36.1442815,59.0158029,No,,,10,خراسان رضوی,Razavi Khorasan,051
1229,اسحق آباد,,,,No,,,10,خراسان رضوی,Razavi Khorasan,051
1230,ششتمد,,,,No,,,10,خراسان رضوی,Razavi Khorasan,051
1231,شامکان,,,,No,,,10,خراسان رضوی,Razavi Khorasan,051
1232,گلبهار,,,,No,,,10,خراسان رضوی,Razavi Khorasan,051
1233,گلمکان,,,,No,,,10,خراسان رضوی,Razavi Khorasan,051
1234,عشق آباد,,,,No,,,10,خراسان رضوی,Razavi Khorasan,051
105,اردستان,Ardestan,33.3797762,52.3724967,No,,,4,اصفهان,Isfahan,031
1235,زواره,,,,No,,,4,اصفهان,Isfahan,031
1236,مهاباد,,,,No,,,4,اصفهان,Isfahan,031
106,اصفهان,Isfahan,32.6707877,51.6650002,Yes,,,4,اصفهان,Isfahan,031
1237,قهجاورستان,,,,No,,,4,اصفهان,Isfahan,031
110,بهارستان,Baharestan,32.4885313,51.7790514,No,,,4,اصفهان,Isfahan,031
130,زیار,ZYAR,32.512311,51.939079,No,,,4,اصفهان,Isfahan,031
116,خمینی شهر,Khomeyni Shahr,32.6938201,51.5254892,No,,,4,اصفهان,Isfahan,031
1238,درچه,,,,No,,,4,اصفهان,Isfahan,031
1239,کوشک,,,,No,,,4,اصفهان,Isfahan,031
1240,اصغرآباد,,,,No,,,4,اصفهان,Isfahan,031
1241,ویست,,,,No,,,4,اصفهان,Isfahan,031
117,خوانسار,Khansar,33.22692,50.3146044,No,,,4,اصفهان,Isfahan,031
157,کمه,KMH,31.067191,51.5934004,No,,,4,اصفهان,Isfahan,031
132,سمیرم,Semirom,31.4136588,51.5708254,No,,,4,اصفهان,Isfahan,031
1242,حنا,,,,No,,,4,اصفهان,Isfahan,031
1243,ونک,,,,No,,,4,اصفهان,Isfahan,031
1244,بیده,,,,No,,,4,اصفهان,Isfahan,031
1245,فتح آباد,,,,No,,,4,اصفهان,Isfahan,031
122,داران,DARAN,32.992154,50.403993,No,,,4,اصفهان,Isfahan,031
1246,دامنه,,,,No,,,4,اصفهان,Isfahan,031
138,فریدونشهر,Fereydunshahr,32.942017,50.1203257,No,,,4,اصفهان,Isfahan,031
109,برف انبار,BRF ANBAR,33.0022943,50.1956911,No,,,4,اصفهان,Isfahan,031
1247,طاد,,,,No,,,4,اصفهان,Isfahan,031
1248,پیربکران,,,,No,,,4,اصفهان,Isfahan,031
1249,بهاران شهر,,,,No,,,4,اصفهان,Isfahan,031
1250,بوستان زر,,,,No,,,4,اصفهان,Isfahan,031
139,فلاورجان,Falavarjan,32.5576772,51.5079153,No,,,4,اصفهان,Isfahan,031
1251,کلیشاد و سودرجان,,,,No,,,4,اصفهان,Isfahan,031
103,ابریشم,ABRYShM,32.5580254,51.5731114,No,,,4,اصفهان,Isfahan,031
1252,اشترجان,,,,No,,,4,اصفهان,Isfahan,031
1253,مینادشت,,,,No,,,4,اصفهان,Isfahan,031
1254,قهدریجان,,,,No,,,4,اصفهان,Isfahan,031
1255,زازران,,,,No,,,4,اصفهان,Isfahan,031
134,شهرضا,Shahreza,32.0116032,51.8651719,No,,,4,اصفهان,Isfahan,031
1256,منظریه,,,,No,,,4,اصفهان,Isfahan,031
1257,قمصر,,,,No,,,4,اصفهان,Isfahan,031
1258,جوشقان قالی,,,,No,,,4,اصفهان,Isfahan,031
1259,کامو و چوگان,,,,No,,,4,اصفهان,Isfahan,031
155,کاشان,Kashan,33.9873888,51.4427935,No,,,4,اصفهان,Isfahan,031
1260,مشکات,,,,No,,,4,اصفهان,Isfahan,031
150,نیاسر,NYASR,33.970466,51.1457545,No,,,4,اصفهان,Isfahan,031
1261,برزک,,,,No,,,4,اصفهان,Isfahan,031
161,گلپایگان,Golpayegan,33.456488,50.2883303,No,,,4,اصفهان,Isfahan,031
164,گوگد,GVGD,33.4755802,50.3554565,No,,,4,اصفهان,Isfahan,031
163,گلشهر,GL ShHR,33.504866,50.464067,No,,,4,اصفهان,Isfahan,031
1262,باغ بهادران,,,,No,,,4,اصفهان,Isfahan,031
1263,چرمهین,,,,No,,,4,اصفهان,Isfahan,031
154,چمگردان,ChMGRDAN,32.393093,51.338919,No,,,4,اصفهان,Isfahan,031
129,زرین شهر,Zarrin Shahr,32.3887062,51.3737142,No,,,4,اصفهان,Isfahan,031
1264,سده لنجان,,,,No,,,4,اصفهان,Isfahan,031
152,ورنامخواست,VRNAMKhVAST,32.357052,51.378721,No,,,4,اصفهان,Isfahan,031
140,فولادشهر,FVLADShHR,32.4834868,51.4173278,No,,,4,اصفهان,Isfahan,031
1265,زاینده رود,,,,No,,,4,اصفهان,Isfahan,031
1266,باغشاد,,,,No,,,4,اصفهان,Isfahan,031
1267,انارک,,,,No,,,4,اصفهان,Isfahan,031
146,نایین,NAYYN,32.8610688,53.085985,No,,,4,اصفهان,Isfahan,031
1268,بافران,,,,No,,,4,اصفهان,Isfahan,031
147,نجف آباد,Najafabad,32.6334121,51.3656199,No,,,4,اصفهان,Isfahan,031
1269,جوزدان,,,,No,,,4,اصفهان,Isfahan,031
162,گلدشت,GL DShT,32.6247941,51.4391574,No,,,4,اصفهان,Isfahan,031
158,کهریزسنگ,KHRYZSNG,32.629326,51.477685,No,,,4,اصفهان,Isfahan,031
124,دهق,DHQ,33.1015294,50.9668778,No,,,4,اصفهان,Isfahan,031
1270,علویجه,,,,No,,,4,اصفهان,Isfahan,031
148,نطنز,Natanz,33.5136336,51.9140078,No,,,4,اصفهان,Isfahan,031
1271,طرق رود,,,,No,,,4,اصفهان,Isfahan,031
108,بادرود,BADRVD,33.6916541,52.0076895,No,,,4,اصفهان,Isfahan,031
115,خالدآباد,KhALDABAD,33.6998125,51.9883183,No,,,4,اصفهان,Isfahan,031
145,میمه,MYMH,33.4522614,51.1719845,No,,,4,اصفهان,Isfahan,031
1272,وزوان,,,,No,,,4,اصفهان,Isfahan,031
1273,لای بید,,,,No,,,4,اصفهان,Isfahan,031
133,شاهین شهر,Shahin Shahr,32.8556169,51.558376,No,,,4,اصفهان,Isfahan,031
1274,گزبرخوار,,,,No,,,4,اصفهان,Isfahan,031
1275,گرگاب,,,,No,,,4,اصفهان,Isfahan,031
141,مبارکه,Mobarakeh,32.3424135,51.5046633,No,,,4,اصفهان,Isfahan,031
1276,مجلسی,,,,No,,,4,اصفهان,Isfahan,031
126,دیزیچه,DYZYChH,32.3805576,51.5116857,No,,,4,اصفهان,Isfahan,031
135,طالخونچه,TALKhVNChH,32.2661882,51.5639295,No,,,4,اصفهان,Isfahan,031
1277,کرکوند,,,,No,,,4,اصفهان,Isfahan,031
131,زیباشهر,ZYBAShHR,32.389599,51.561477,No,,,4,اصفهان,Isfahan,031
1278,ده سرخ,,,,No,,,4,اصفهان,Isfahan,031
104,ابوزیدآباد,ABVZYDABAD,33.900233,51.762085,No,,,4,اصفهان,Isfahan,031
1279,آران و بیدگل,,,,No,,,4,اصفهان,Isfahan,031
149,نوش آباد,NVSh ABAD,34.0776414,51.4338827,No,,,4,اصفهان,Isfahan,031
1280,سفید شهر,,,,No,,,4,اصفهان,Isfahan,031
136,عسگران,ASGRAN,32.865658,50.852181,No,,,4,اصفهان,Isfahan,031
112,تیران,TYRAN,32.7039199,51.1530853,No,,,4,اصفهان,Isfahan,031
127,رضوانشهر,RZVAN ShHR,32.665594,51.064282,No,,,4,اصفهان,Isfahan,031
153,چادگان,Chadegan,32.763910,50.621355,No,,,4,اصفهان,Isfahan,031
1281,رزوه,,,,No,,,4,اصفهان,Isfahan,031
123,دهاقان,Dehaqan,31.9344047,51.6547247,No,,,4,اصفهان,Isfahan,031
1282,گلشن,,,,No,,,4,اصفهان,Isfahan,031
1283,حبیب آباد,,,,No,,,4,اصفهان,Isfahan,031
1284,شاپورآباد,,,,No,,,4,اصفهان,Isfahan,031
1285,کمشچه,,,,No,,,4,اصفهان,Isfahan,031
120,خورزوق,KhVRZVQ,32.7776241,51.649011,No,,,4,اصفهان,Isfahan,031
1286,دستگرد,,,,No,,,4,اصفهان,Isfahan,031
125,دولت آباد,DVLT ABAD,33.6091519,52.2002763,No,,,4,اصفهان,Isfahan,031
1287,سین,,,,No,,,4,اصفهان,Isfahan,031
118,خور,Khur,33.7761331,55.0828304,No,,,4,اصفهان,Isfahan,031
1288,فرخی,,,,No,,,4,اصفهان,Isfahan,031
113,جندق,JNDQ,34.0422837,54.4150165,No,,,4,اصفهان,Isfahan,031
1289,بویین و میاندشت,,,,No,,,4,اصفهان,Isfahan,031
1290,افوس,,,,No,,,4,اصفهان,Isfahan,031
159,کوهپایه,KVHPAYH,32.7138321,52.4405045,No,,,4,اصفهان,Isfahan,031
111,تودشک,TVDShK,32.7198176,52.6673493,No,,,4,اصفهان,Isfahan,031
1291,سجزی,,,,No,,,4,اصفهان,Isfahan,031
151,نیک آباد,NYK ABAD,32.3041598,52.2032026,No,,,4,اصفهان,Isfahan,031
142,محمدآباد,MHMD ABAD,34.1962521,55.1730666,No,,,4,اصفهان,Isfahan,031
1292,نصرآباد,,,,No,,,4,اصفهان,Isfahan,031
1293,حسن اباد,,,,No,,,4,اصفهان,Isfahan,031
1294,ورزنه,,,,No,,,4,اصفهان,Isfahan,031
1295,هرند,,,,No,,,4,اصفهان,Isfahan,031
107,اژیه,AZhYH,32.4400685,52.3789114,No,,,4,اصفهان,Isfahan,031
430,بزمان,BZMAN,27.850547,60.1736164,No,,,15,سیستان و بلوچستان,Sistan and Baluchestan,054
429,ایرانشهر,Iranshahr,27.2069903,60.6882515,No,,,15,سیستان و بلوچستان,Sistan and Baluchestan,054
1296,چاه بهار,,,,No,,,15,سیستان و بلوچستان,Sistan and Baluchestan,054
1297,پلان,,,,No,,,15,سیستان و بلوچستان,Sistan and Baluchestan,054
435,خاش,Khash,28.2203911,61.2137052,No,,,15,سیستان و بلوچستان,Sistan and Baluchestan,054
1298,اسماعیل آباد,,,,No,,,15,سیستان و بلوچستان,Sistan and Baluchestan,054
1299,ده رییس,,,,No,,,15,سیستان و بلوچستان,Sistan and Baluchestan,054
440,زابل,Zabol,31.028611,61.501111,No,,,15,سیستان و بلوچستان,Sistan and Baluchestan,054
433,بنجار,Banjar,31.0428989,61.5682749,No,,,15,سیستان و بلوچستان,Sistan and Baluchestan,054
442,زاهدان,Zahedan,30.9641959,61.6805203,Yes,,,15,سیستان و بلوچستان,Sistan and Baluchestan,054
453,نصرت آباد,NSRT ABAD,29.8589189,59.9802973,No,,,15,سیستان و بلوچستان,Sistan and Baluchestan,054
1300,سرجنگل,,,,No,,,15,سیستان و بلوچستان,Sistan and Baluchestan,054
444,سراوان,SRAVAN,27.3651673,62.3390963,No,,,15,سیستان و بلوچستان,Sistan and Baluchestan,054
1301,محمدی,,,,No,,,15,سیستان و بلوچستان,Sistan and Baluchestan,054
1302,گشت,,,,No,,,15,سیستان و بلوچستان,Sistan and Baluchestan,054
1303,سیرکان,,,,No,,,15,سیستان و بلوچستان,Sistan and Baluchestan,054
1304,اسفندک,,,,No,,,15,سیستان و بلوچستان,Sistan and Baluchestan,054
432,بنت,BNT,26.290834,59.5237216,No,,,15,سیستان و بلوچستان,Sistan and Baluchestan,054
456,نیک شهر,Nikshahr,26.2259692,60.2161966,No,,,15,سیستان و بلوچستان,Sistan and Baluchestan,054
1305,چانف,,,,No,,,15,سیستان و بلوچستان,Sistan and Baluchestan,054
457,پیشین,PYShYN,26.076303,61.730676,No,,,15,سیستان و بلوچستان,Sistan and Baluchestan,054
438,راسک,Rask,26.2368044,61.3987716,No,,,15,سیستان و بلوچستان,Sistan and Baluchestan,054
1306,پارود,,,,No,,,15,سیستان و بلوچستان,Sistan and Baluchestan,054
459,کنارک,Konarak,25.403710,60.374425,No,,,15,سیستان و بلوچستان,Sistan and Baluchestan,054
1307,جزینک,,,,No,,,15,سیستان و بلوچستان,Sistan and Baluchestan,054
443,زهک,ZHK,30.8932189,61.6827311,No,,,15,سیستان و بلوچستان,Sistan and Baluchestan,054
437,دوست محمد,DVST MHMD,31.1427915,61.7909563,No,,,15,سیستان و بلوچستان,Sistan and Baluchestan,054
1308,قرقری,,,,No,,,15,سیستان و بلوچستان,Sistan and Baluchestan,054
460,گلمورتی,GLMVRTY,27.4809916,59.4483063,No,,,15,سیستان و بلوچستان,Sistan and Baluchestan,054
1309,چگرد,,,,No,,,15,سیستان و بلوچستان,Sistan and Baluchestan,054
1310,مهرستان,,,,No,,,15,سیستان و بلوچستان,Sistan and Baluchestan,054
1311,آشار,,,,No,,,15,سیستان و بلوچستان,Sistan and Baluchestan,054
1312,سیب,,,,No,,,15,سیستان و بلوچستان,Sistan and Baluchestan,054
446,سوران,SVRAN,27.2871579,61.9997051,No,,,15,سیستان و بلوچستان,Sistan and Baluchestan,054
1313,هیدوچ,,,,No,,,15,سیستان و بلوچستان,Sistan and Baluchestan,054
427,ادیمی,ADYMY,31.1159553,61.4082693,No,,,15,سیستان و بلوچستان,Sistan and Baluchestan,054
449,محمدآباد,MHMDABAD,30.886775,61.463721,No,,,15,سیستان و بلوچستان,Sistan and Baluchestan,054
1314,علی اکبر,,,,No,,,15,سیستان و بلوچستان,Sistan and Baluchestan,054
452,میرجاوه,MYRJAVH,29.0149246,61.4540744,No,,,15,سیستان و بلوچستان,Sistan and Baluchestan,054
1315,لادیز,,,,No,,,15,سیستان و بلوچستان,Sistan and Baluchestan,054
1316,ریگ ملک,,,,No,,,15,سیستان و بلوچستان,Sistan and Baluchestan,054
448,قصرقند,QSRQND,26.2394578,60.7419235,No,,,15,سیستان و بلوچستان,Sistan and Baluchestan,054
1317,ساربوک,,,,No,,,15,سیستان و بلوچستان,Sistan and Baluchestan,054
447,فنوج,FNVJ,26.575768,59.6398773,No,,,15,سیستان و بلوچستان,Sistan and Baluchestan,054
1318,گتیج,,,,No,,,15,سیستان و بلوچستان,Sistan and Baluchestan,054
1319,محمدان,,,,No,,,15,سیستان و بلوچستان,Sistan and Baluchestan,054
431,بمپور,Bampur,27.1941781,60.4554816,No,,,15,سیستان و بلوچستان,Sistan and Baluchestan,054
1320,قاسم آباد,,,,No,,,15,سیستان و بلوچستان,Sistan and Baluchestan,054
454,نوک آباد,NVK ABAD,28.5400131,60.7597704,No,,,15,سیستان و بلوچستان,Sistan and Baluchestan,054
1321,بریس,,,,No,,,15,سیستان و بلوچستان,Sistan and Baluchestan,054
455,نگور,NGVR,25.3889117,61.1390842,No,,,15,سیستان و بلوچستان,Sistan and Baluchestan,054
445,سرباز,SRBAZ,26.6321167,61.2570288,No,,,15,سیستان و بلوچستان,Sistan and Baluchestan,054
434,جالق,JALQ,27.6033419,62.7097131,No,,,15,سیستان و بلوچستان,Sistan and Baluchestan,054
428,اسپکه,ASPKH,26.834773,60.173321,No,,,15,سیستان و بلوچستان,Sistan and Baluchestan,054
1322,زرآباد,,,,No,,,15,سیستان و بلوچستان,Sistan and Baluchestan,054
1323,آرمرده,,,,No,,,25,کردستان,Kurdistan,087
712,بانه,Baneh,35.9946631,45.8843225,No,,,25,کردستان,Kurdistan,087
1324,کانی سور,,,,No,,,25,کردستان,Kurdistan,087
1325,بویین سفلی,,,,No,,,25,کردستان,Kurdistan,087
710,بابارشانی,BABARShANY,35.6791869,47.7983782,No,,,25,کردستان,Kurdistan,087
1326,پیرتاج,,,,No,,,25,کردستان,Kurdistan,087
1327,یاسوکند,,,,No,,,25,کردستان,Kurdistan,087
713,بیجار,Bijar,35.8729607,47.6027902,No,,,25,کردستان,Kurdistan,087
1328,توپ آغاج,,,,No,,,25,کردستان,Kurdistan,087
722,صاحب,SAHB,36.2017503,46.4610855,No,,,25,کردستان,Kurdistan,087
719,سقز,SQZ,36.2427456,46.2705227,No,,,25,کردستان,Kurdistan,087
1329,سنته,,,,No,,,25,کردستان,Kurdistan,087
720,سنندج,Sanandaj,35.3126047,46.9978639,Yes,,,25,کردستان,Kurdistan,087
721,شویشه,ShVYShH,35.3570893,46.676496,No,,,25,کردستان,Kurdistan,087
1330,حسین آباد,,,,No,,,25,کردستان,Kurdistan,087
723,قروه,Qorveh,35.1679005,47.800886,No,,,25,کردستان,Kurdistan,087
718,سریش آباد,SRYSh ABAD,35.2478257,47.778892,No,,,25,کردستان,Kurdistan,087
1331,دزج,,,,No,,,25,کردستان,Kurdistan,087
1332,مالوجه,,,,No,,,25,کردستان,Kurdistan,087
1333,دلبران,,,,No,,,25,کردستان,Kurdistan,087
1334,برده رشه,,,,No,,,25,کردستان,Kurdistan,087
725,چناره,ChNARH,36.1443,46.572,No,,,25,کردستان,Kurdistan,087
724,مریوان,Marivan,35.5219063,46.1758889,No,,,25,کردستان,Kurdistan,087
1335,کانی دینار,,,,No,,,25,کردستان,Kurdistan,087
716,زرینه,ZRYNH,36.0602,47.1508,No,,,25,کردستان,Kurdistan,087
715,دیواندره,DYVANDRH,35.9159662,47.0193315,No,,,25,کردستان,Kurdistan,087
1336,هزارکانیان,,,,No,,,25,کردستان,Kurdistan,087
726,کامیاران,Kamyaran,34.7975071,46.9362721,No,,,25,کردستان,Kurdistan,087
1337,موچش,,,,No,,,25,کردستان,Kurdistan,087
1338,اورامان تخت,,,,No,,,25,کردستان,Kurdistan,087
717,سروآباد,SRVABAD,35.318700,46.378200,No,,,25,کردستان,Kurdistan,087
714,دهگلان,DHGLAN,35.280039,47.4189871,No,,,25,کردستان,Kurdistan,087
1339,بلبان آباد,,,,No,,,25,کردستان,Kurdistan,087
676,فرسفج,FRSFJ,34.4865511,48.2859752,No,,,23,همدان,Hamadan,081
669,تویسرکان,Tuyserkan,34.5478858,48.4478184,No,,,23,همدان,Hamadan,081
1340,سرکان,,,,No,,,23,همدان,Hamadan,081
1341,ازندریان,,,,No,,,23,همدان,Hamadan,081
1342,جوکار,,,,No,,,23,همدان,Hamadan,081
673,سامن,SAMN,34.2090147,48.704561,No,,,23,همدان,Hamadan,081
680,ملایر,Malayer,34.301850,48.814316,No,,,23,همدان,Hamadan,081
1343,اسلام شهر آق گل,,,,No,,,23,همدان,Hamadan,081
672,زنگنه,ZNGNH,34.1552764,49.01032,No,,,23,همدان,Hamadan,081
677,فیروزان,FYRVZAN,34.360476,48.1138221,No,,,23,همدان,Hamadan,081
682,نهاوند,Nahavand,34.1896877,48.3716218,No,,,23,همدان,Hamadan,081
667,برزول,Barzul,34.2128467,48.2600728,No,,,23,همدان,Hamadan,081
685,گیان,GYAN,34.1771986,48.2445727,No,,,23,همدان,Hamadan,081
678,قهاوند,QHAVND,34.8594697,49.0033362,No,,,23,همدان,Hamadan,081
1344,مریانج,,,,No,,,23,همدان,Hamadan,081
683,همدان,Hamadan,34.7990866,48.5148169,Yes,,,23,همدان,Hamadan,081
1345,جورقان,,,,No,,,23,همدان,Hamadan,081
1346,گل تپه,,,,No,,,23,همدان,Hamadan,081
684,کبودرآهنگ,KBVD RAHNG,35.208333,48.723889,No,,,23,همدان,Hamadan,081
1347,شیرین سو,,,,No,,,23,همدان,Hamadan,081
666,اسدآباد,Asadabad,34.7825885,48.1217832,No,,,23,همدان,Hamadan,081
1348,پالیز,,,,No,,,23,همدان,Hamadan,081
1349,آجین,,,,No,,,23,همدان,Hamadan,081
679,لالجین,LALJYN,34.9746055,48.4750848,No,,,23,همدان,Hamadan,081
681,مهاجران,MHAJRAN,35.0764851,48.6161213,No,,,23,همدان,Hamadan,081
668,بهار,Bahar,34.9059088,48.440865,No,,,23,همدان,Hamadan,081
674,صالح آباد,SALH ABAD,34.9215829,48.3431377,No,,,23,همدان,Hamadan,081
1350,دمق,,,,No,,,23,همدان,Hamadan,081
671,رزن,RZN,35.3884459,49.0344948,No,,,23,همدان,Hamadan,081
675,فامنین,FAMNYN,35.1179137,48.9721158,No,,,23,همدان,Hamadan,081
1351,شاهنجرین,,,,No,,,23,همدان,Hamadan,081
1352,کرفس,,,,No,,,23,همدان,Hamadan,081
1353,قروه درگزین,,,,No,,,23,همدان,Hamadan,081
707,گندمان,GNDMAN,31.8650116,51.153733,No,,,24,چهارمحال و بختیاری,Chaharmahal and Bakhtiari,038
688,بروجن,Borujen,31.9719093,51.291596,No,,,24,چهارمحال و بختیاری,Chaharmahal and Bakhtiari,038
1354,فرادبنه,,,,No,,,24,چهارمحال و بختیاری,Chaharmahal and Bakhtiari,038
692,سفیددشت,SFYDDShT,32.134229,51.181183,No,,,24,چهارمحال و بختیاری,Chaharmahal and Bakhtiari,038
1355,نقنه,,,,No,,,24,چهارمحال و بختیاری,Chaharmahal and Bakhtiari,038
689,بلداجی,BLDAJY,31.9365711,51.0513348,No,,,24,چهارمحال و بختیاری,Chaharmahal and Bakhtiari,038
696,شهرکرد,Shahrekord,32.3257366,50.8497369,Yes,,,24,چهارمحال و بختیاری,Chaharmahal and Bakhtiari,038
704,هفشجان,HFShJAN,32.225568,50.792714,No,,,24,چهارمحال و بختیاری,Chaharmahal and Bakhtiari,038
1356,کیان,,,,No,,,24,چهارمحال و بختیاری,Chaharmahal and Bakhtiari,038
1357,طاقانک,,,,No,,,24,چهارمحال و بختیاری,Chaharmahal and Bakhtiari,038
703,نافچ,NAFCh,32.4228214,50.7896658,No,,,24,چهارمحال و بختیاری,Chaharmahal and Bakhtiari,038
694,سورشجان,SVRShJAN,32.3163942,50.6761962,No,,,24,چهارمحال و بختیاری,Chaharmahal and Bakhtiari,038
693,سودجان,SVDJAN,32.5215922,50.4018883,No,,,24,چهارمحال و بختیاری,Chaharmahal and Bakhtiari,038
1358,هارونی,,,,No,,,24,چهارمحال و بختیاری,Chaharmahal and Bakhtiari,038
697,فارسان,Farsan,32.2549162,50.5624938,No,,,24,چهارمحال و بختیاری,Chaharmahal and Bakhtiari,038
1359,گوجان,,,,No,,,24,چهارمحال و بختیاری,Chaharmahal and Bakhtiari,038
1360,بآباحیدر,,,,No,,,24,چهارمحال و بختیاری,Chaharmahal and Bakhtiari,038
1361,فیل آباد,,,,No,,,24,چهارمحال و بختیاری,Chaharmahal and Bakhtiari,038
690,جونقان,JVNQAN,32.1516564,50.6856466,No,,,24,چهارمحال و بختیاری,Chaharmahal and Bakhtiari,038
1362,پردنجان,,,,No,,,24,چهارمحال و بختیاری,Chaharmahal and Bakhtiari,038
1363,چلیچه,,,,No,,,24,چهارمحال و بختیاری,Chaharmahal and Bakhtiari,038
700,لردگان,Lordegan,31.5126237,50.8303948,No,,,24,چهارمحال و بختیاری,Chaharmahal and Bakhtiari,038
1364,منج,,,,No,,,24,چهارمحال و بختیاری,Chaharmahal and Bakhtiari,038
1365,سردشت,,,,No,,,24,چهارمحال و بختیاری,Chaharmahal and Bakhtiari,038
687,اردل,ARDL,31.997682,50.6609476,No,,,24,چهارمحال و بختیاری,Chaharmahal and Bakhtiari,038
1366,کاج,,,,No,,,24,چهارمحال و بختیاری,Chaharmahal and Bakhtiari,038
1367,دشتک,,,,No,,,24,چهارمحال و بختیاری,Chaharmahal and Bakhtiari,038
1368,سرخون,,,,No,,,24,چهارمحال و بختیاری,Chaharmahal and Bakhtiari,038
1369,بازفت,,,,No,,,24,چهارمحال و بختیاری,Chaharmahal and Bakhtiari,038
705,چلگرد,ChLGRD,32.4682525,50.1222437,No,,,24,چهارمحال و بختیاری,Chaharmahal and Bakhtiari,038
1370,صمصامی,,,,No,,,24,چهارمحال و بختیاری,Chaharmahal and Bakhtiari,038
695,شلمزار,ShLMZAR,32.0464968,50.8184796,No,,,24,چهارمحال و بختیاری,Chaharmahal and Bakhtiari,038
708,گهرو,GHRV,32.004757,50.8871785,No,,,24,چهارمحال و بختیاری,Chaharmahal and Bakhtiari,038
1371,دستنا,,,,No,,,24,چهارمحال و بختیاری,Chaharmahal and Bakhtiari,038
702,ناغان,NAGhAN,31.9344796,50.7276893,No,,,24,چهارمحال و بختیاری,Chaharmahal and Bakhtiari,038
691,سامان,SAMAN,32.4529354,50.9104233,No,,,24,چهارمحال و بختیاری,Chaharmahal and Bakhtiari,038
1372,هوره,,,,No,,,24,چهارمحال و بختیاری,Chaharmahal and Bakhtiari,038
1373,بن,,,,No,,,24,چهارمحال و بختیاری,Chaharmahal and Bakhtiari,038
1374,وردنجان,,,,No,,,24,چهارمحال و بختیاری,Chaharmahal and Bakhtiari,038
1375,یان چشمه,,,,No,,,24,چهارمحال و بختیاری,Chaharmahal and Bakhtiari,038
686,آلونی,ALVNY,31.5528467,51.0576007,No,,,24,چهارمحال و بختیاری,Chaharmahal and Bakhtiari,038
701,مال خلیفه,MAL KhLYFH,31.290719,51.259282,No,,,24,چهارمحال و بختیاری,Chaharmahal and Bakhtiari,038
699,فرخ شهر,FRKh ShHR,32.2709126,50.98251,No,,,24,چهارمحال و بختیاری,Chaharmahal and Bakhtiari,038
1376,شول آباد,,,,No,,,19,لرستان,Lorestan,066
547,الیگودرز,Aligudarz,33.4035124,49.6921874,No,,,19,لرستان,Lorestan,066
1377,تیتکان بزنوید,,,,No,,,19,لرستان,Lorestan,066
1378,شاهپوراباد,,,,No,,,19,لرستان,Lorestan,066
1379,چمن سلطان,,,,No,,,19,لرستان,Lorestan,066
1380,اشترینان,,,,No,,,19,لرستان,Lorestan,066
1381,ونایی,,,,No,,,19,لرستان,Lorestan,066
548,بروجرد,Borujerd,33.7324996,48.8841277,No,,,19,لرستان,Lorestan,066
1382,سپیددشت,,,,No,,,19,لرستان,Lorestan,066
549,بیران شهر,BYRANShHR,33.6485949,48.5597292,No,,,19,لرستان,Lorestan,066
554,زاغه,ZAGhH,33.4999202,48.7059909,No,,,19,لرستان,Lorestan,066
550,خرم آباد,Khorramabad,33.4842109,48.3538276,Yes,,,19,لرستان,Lorestan,066
1383,هفت چشمه,,,,No,,,19,لرستان,Lorestan,066
559,نورآباد,Nurabad,34.0726246,47.9728357,No,,,19,لرستان,Lorestan,066
1384,برخوردار,,,,No,,,19,لرستان,Lorestan,066
562,چالانچولان,ChALANChVLAN,33.665210,48.908043,No,,,19,لرستان,Lorestan,066
552,دورود,Dorud,33.4992998,49.0529575,No,,,19,لرستان,Lorestan,066
565,گراب,GRAB,33.4853061,48.489661,No,,,19,لرستان,Lorestan,066
564,کوهدشت,Kuhdasht,33.5331808,47.6070512,No,,,19,لرستان,Lorestan,066
1385,کوهنانی,,,,No,,,19,لرستان,Lorestan,066
551,درب گنبد,DRB GNBD,33.6904944,47.1502234,No,,,19,لرستان,Lorestan,066
1386,مومن آباد,,,,No,,,19,لرستان,Lorestan,066
545,ازنا,Azna,33.4568272,49.4537204,No,,,19,لرستان,Lorestan,066
561,پلدختر,PL DKhTR,33.1524187,47.7117493,No,,,19,لرستان,Lorestan,066
1387,سراب حمام,,,,No,,,19,لرستان,Lorestan,066
557,فیروزآباد,Firuzabad,33.8982515,48.1034902,No,,,19,لرستان,Lorestan,066
546,الشتر,Aleshtar,33.8627885,48.2619601,No,,,19,لرستان,Lorestan,066
555,سراب دوره,SRAB DVRH,33.5636959,48.0225482,No,,,19,لرستان,Lorestan,066
1388,چم پلک,,,,No,,,19,لرستان,Lorestan,066
560,ویسیان,VYSYAN,33.4866325,48.0304375,No,,,19,لرستان,Lorestan,066
1389,سوری,,,,No,,,19,لرستان,Lorestan,066
1390,چقابل,,,,No,,,19,لرستان,Lorestan,066
558,معمولان,MAMVLAN,33.3793239,47.9603107,No,,,19,لرستان,Lorestan,066
182,ایلام,Ilam,33.6379365,46.4202743,Yes,,,6,ایلام,Ilam,084
1391,جعفراباد,,,,No,,,6,ایلام,Ilam,084
184,دره شهر,Dareh Shahr,33.1385109,47.3753599,No,,,6,ایلام,Ilam,084
1392,ماژین,,,,No,,,6,ایلام,Ilam,084
192,پهله,PHLH,33.0119112,46.8815641,No,,,6,ایلام,Ilam,084
186,دهلران,Dehloran,32.6914932,47.2674712,No,,,6,ایلام,Ilam,084
190,موسیان,MVSYAN,32.5209668,47.376702,No,,,6,ایلام,Ilam,084
191,میمه,MYMH,33.2280492,46.919563,No,,,6,ایلام,Ilam,084
185,دشت عباس,DShT ABAS,32.4146641,47.8241975,No,,,6,ایلام,Ilam,084
187,سرابله,Sarableh,33.7675797,46.5654912,No,,,6,ایلام,Ilam,084
1393,شباب,,,,No,,,6,ایلام,Ilam,084
1394,بلاوه,,,,No,,,6,ایلام,Ilam,084
180,آسمان آباد,ASMAN ABAD,33.8619245,46.4518435,No,,,6,ایلام,Ilam,084
1395,صالح آباد,,,,No,,,6,ایلام,Ilam,084
189,مهران,Mehran,33.1239454,46.1658505,No,,,6,ایلام,Ilam,084
1396,مورموری,,,,No,,,6,ایلام,Ilam,084
1397,آبدانان,,,,No,,,6,ایلام,Ilam,084
1398,سراب باغ,,,,No,,,6,ایلام,Ilam,084
1399,زرنه,,,,No,,,6,ایلام,Ilam,084
183,ایوان,Ivan,33.8282411,46.3096374,No,,,6,ایلام,Ilam,084
1400,ارکواز,,,,No,,,6,ایلام,Ilam,084
1401,دلگشا,,,,No,,,6,ایلام,Ilam,084
1402,مهر,,,,No,,,6,ایلام,Ilam,084
188,لومار,LVMAR,33.567913,46.812133,No,,,6,ایلام,Ilam,084
1403,بدره,,,,No,,,6,ایلام,Ilam,084
1404,چشمه شیرین,,,,No,,,6,ایلام,Ilam,084
1405,توحید,,,,No,,,6,ایلام,Ilam,084
1406,چوار,,,,No,,,6,ایلام,Ilam,084
819,یاسوج,Yasuj,30.6676663,51.5802638,Yes,,,28,کهگیلویه و بویراحمد,Kohgiluyeh and Boyer-Ahmad,074
1407,مادوان,,,,No,,,28,کهگیلویه و بویراحمد,Kohgiluyeh and Boyer-Ahmad,074
817,گراب سفلی,GRAB SFLY,30.9426038,50.8983137,No,,,28,کهگیلویه و بویراحمد,Kohgiluyeh and Boyer-Ahmad,074
815,چیتاب,ChYTAB,30.7942097,51.327525,No,,,28,کهگیلویه و بویراحمد,Kohgiluyeh and Boyer-Ahmad,074
1408,سپیدار,,,,No,,,28,کهگیلویه و بویراحمد,Kohgiluyeh and Boyer-Ahmad,074
1409,قلعه رییسی,,,,No,,,28,کهگیلویه و بویراحمد,Kohgiluyeh and Boyer-Ahmad,074
805,دهدشت,Dehdasht,30.7925297,50.5629444,No,,,28,کهگیلویه و بویراحمد,Kohgiluyeh and Boyer-Ahmad,074
807,دیشموک,DYShMVK,31.2969774,50.4022724,No,,,28,کهگیلویه و بویراحمد,Kohgiluyeh and Boyer-Ahmad,074
808,سوق,SVQ,30.8608561,50.4565101,No,,,28,کهگیلویه و بویراحمد,Kohgiluyeh and Boyer-Ahmad,074
806,دوگنبدان,Dogonbadan,30.3570209,50.7940113,No,,,28,کهگیلویه و بویراحمد,Kohgiluyeh and Boyer-Ahmad,074
813,پاتاوه,PATAVH,30.9584492,51.2641496,No,,,28,کهگیلویه و بویراحمد,Kohgiluyeh and Boyer-Ahmad,074
809,سی سخت,Si Sakht,30.8630661,51.4557071,No,,,28,کهگیلویه و بویراحمد,Kohgiluyeh and Boyer-Ahmad,074
1410,سرآسیاب یوسفی,,,,No,,,28,کهگیلویه و بویراحمد,Kohgiluyeh and Boyer-Ahmad,074
811,لیکک,LYKK,30.8924843,50.0917097,No,,,28,کهگیلویه و بویراحمد,Kohgiluyeh and Boyer-Ahmad,074
1411,قلعه ممبی,,,,No,,,28,کهگیلویه و بویراحمد,Kohgiluyeh and Boyer-Ahmad,074
814,چرام,Charam,30.750813,50.7419101,No,,,28,کهگیلویه و بویراحمد,Kohgiluyeh and Boyer-Ahmad,074
1412,سرفاریاب,,,,No,,,28,کهگیلویه و بویراحمد,Kohgiluyeh and Boyer-Ahmad,074
804,باشت,BAShT,30.3610498,51.1575225,No,,,28,کهگیلویه و بویراحمد,Kohgiluyeh and Boyer-Ahmad,074
1413,بوستان,,,,No,,,28,کهگیلویه و بویراحمد,Kohgiluyeh and Boyer-Ahmad,074
810,لنده,LNDH,30.9795975,50.4238799,No,,,28,کهگیلویه و بویراحمد,Kohgiluyeh and Boyer-Ahmad,074
1414,مارگون,,,,No,,,28,کهگیلویه و بویراحمد,Kohgiluyeh and Boyer-Ahmad,074
211,خارک,KhARK,29.2530113,50.3268076,No,,,7,بوشهر,Bushehr,077
208,بوشهر,Bushehr,28.9310786,50.8458443,Yes,,,7,بوشهر,Bushehr,077
1415,عالی شهر,,,,No,,,7,بوشهر,Bushehr,077
224,چغادک,ChGhADK,28.9880011,51.0357975,No,,,7,بوشهر,Bushehr,077
214,دلوار,DLVAR,28.7628729,51.0719232,No,,,7,بوشهر,Bushehr,077
197,اهرم,Ahram,28.8830282,51.2742019,No,,,7,بوشهر,Bushehr,077
1416,آباد,,,,No,,,7,بوشهر,Bushehr,077
217,سعد آباد,SADABAD,29.3848355,51.1166292,No,,,7,بوشهر,Bushehr,077
223,وحدتیه,VHDTYH,29.48306,51.2369657,No,,,7,بوشهر,Bushehr,077
218,شبانکاره,ShBANKARH,29.4696831,50.9909728,No,,,7,بوشهر,Bushehr,077
198,برازجان,BRAZJAN,29.2661428,51.2120597,No,,,7,بوشهر,Bushehr,077
213,دالکی,DALKY,29.4307486,51.2925138,No,,,7,بوشهر,Bushehr,077
209,تنگ ارم,TNG ARM,29.1544748,51.5293588,No,,,7,بوشهر,Bushehr,077
226,کلمه,KLMH,28.9436694,51.4581903,No,,,7,بوشهر,Bushehr,077
1417,بوشکان,,,,No,,,7,بوشهر,Bushehr,077
195,آب پخش,AB PKhSh,29.3604336,51.0713656,No,,,7,بوشهر,Bushehr,077
225,کاکی,KAKY,28.3366456,51.523857,No,,,7,بوشهر,Bushehr,077
1418,بادوله,,,,No,,,7,بوشهر,Bushehr,077
212,خورموج,Khorramuj,28.6543108,51.3758834,No,,,7,بوشهر,Bushehr,077
219,شنبه,ShNBH,28.3952701,51.7645229,No,,,7,بوشهر,Bushehr,077
199,بردخون,BRDKhVN,28.0623996,51.4771795,No,,,7,بوشهر,Bushehr,077
202,بندردیر,Bandar Deyr,27.8412393,51.9372144,No,,,7,بوشهر,Bushehr,077
200,بردستان,Bardestan,27.874025,51.9596196,No,,,7,بوشهر,Bushehr,077
1419,دوراهک,,,,No,,,7,بوشهر,Bushehr,077
194,آبدان,Abdan,28.0811819,51.7703454,No,,,7,بوشهر,Bushehr,077
205,بندرکنگان,Bandar Kangan,27.8370685,52.06371,No,,,7,بوشهر,Bushehr,077
207,بنک,BNK,27.8720312,52.0270259,No,,,7,بوشهر,Bushehr,077
1420,شیرینو,,,,No,,,7,بوشهر,Bushehr,077
1421,سیراف,,,,No,,,7,بوشهر,Bushehr,077
204,بندرریگ,Bandar Rig,29.4875457,50.6295575,No,,,7,بوشهر,Bushehr,077
206,بندرگناوه,Bandar Ganaveh,29.5820434,50.518295,No,,,7,بوشهر,Bushehr,077
196,امام حسن,AMAM HSN,29.8407369,50.2645174,No,,,7,بوشهر,Bushehr,077
203,بندردیلم,Bandar Deylam,30.0529363,50.162503,No,,,7,بوشهر,Bushehr,077
1422,انارستان,,,,No,,,7,بوشهر,Bushehr,077
216,ریز,RYZ,28.0517466,52.0837191,No,,,7,بوشهر,Bushehr,077
210,جم,Jam,27.8262811,52.3263597,No,,,7,بوشهر,Bushehr,077
1423,بهارستان,,,,No,,,7,بوشهر,Bushehr,077
221,عسلویه,Asaluyeh,27.4760027,52.6070411,No,,,7,بوشهر,Bushehr,077
222,نخل تقی,NKhL TQY,27.4980795,52.583854,No,,,7,بوشهر,Bushehr,077
1424,بیدخون,,,,No,,,7,بوشهر,Bushehr,077
1425,چاه مبارک,,,,No,,,7,بوشهر,Bushehr,077
397,ابهر,Abhar,36.151988,49.237698,No,,,13,زنجان,Zanjan,024
407,صایین قلعه,SAYYN QLAH,36.302667,49.073464,No,,,13,زنجان,Zanjan,024
410,هیدج,HYDJ,36.2520936,49.1302561,No,,,13,زنجان,Zanjan,024
1426,گرماب,,,,No,,,13,زنجان,Zanjan,024
1427,زرین رود,,,,No,,,13,زنجان,Zanjan,024
408,قیدار,QYDAR,36.119876,48.595362,No,,,13,زنجان,Zanjan,024
406,سهرورد,SHRVRD,36.0705985,48.4423918,No,,,13,زنجان,Zanjan,024
1428,کرسف,,,,No,,,13,زنجان,Zanjan,024
1429,نوربهار,,,,No,,,13,زنجان,Zanjan,024
404,سجاس,SJAS,36.2402834,48.5530842,No,,,13,زنجان,Zanjan,024
1430,نیک پی,,,,No,,,13,زنجان,Zanjan,024
403,زنجان,Zanjan,36.682652,48.509018,Yes,,,13,زنجان,Zanjan,024
398,ارمغانخانه,ARMGhAN KhANH,36.975900,48.369627,No,,,13,زنجان,Zanjan,024
399,حلب,HLB,36.2955098,48.0597202,No,,,13,زنجان,Zanjan,024
402,زرین آباد,ZRYN ABAD,36.4284545,48.2816192,No,,,13,زنجان,Zanjan,024
400,خرمدره,Khorramdarreh,36.20354,49.1881871,No,,,13,زنجان,Zanjan,024
1431,چورزق,,,,No,,,13,زنجان,Zanjan,024
396,آب بر,AB BR,36.9258587,48.953276,No,,,13,زنجان,Zanjan,024
401,دندی,DNDY,36.5541697,47.6207573,No,,,13,زنجان,Zanjan,024
409,ماه نشان,MAH NShAN,36.7456508,47.6716751,No,,,13,زنجان,Zanjan,024
405,سلطانیه,SLTANYH,36.4345194,48.7940806,No,,,13,زنجان,Zanjan,024
1432,امیریه,,,,No,,,14,سمنان,Semnan,023
415,دامغان,Damghan,36.167451,54.3379993,No,,,14,سمنان,Semnan,023
1433,دیباج,,,,No,,,14,سمنان,Semnan,023
1434,کلاته,,,,No,,,14,سمنان,Semnan,023
418,سمنان,Semnan,35.5834074,53.3882906,Yes,,,14,سمنان,Semnan,023
413,بسطام,BSTAM,36.4827556,55.0010717,No,,,14,سمنان,Semnan,023
422,مجن,MJN,36.4796519,54.6483772,No,,,14,سمنان,Semnan,023
425,کلاته خیج,KLATH KhYJ,36.674407,55.299747,No,,,14,سمنان,Semnan,023
414,بیارجمند,BYARJMND,36.0790243,55.8098841,No,,,14,سمنان,Semnan,023
419,شاهرود,Shahroud,36.4195026,54.9649915,No,,,14,سمنان,Semnan,023
1435,رودیان,,,,No,,,14,سمنان,Semnan,023
412,ایوانکی,AYVANKY,35.3439147,52.069887,No,,,14,سمنان,Semnan,023
426,گرمسار,Garmsar,35.2222875,52.3383855,No,,,14,سمنان,Semnan,023
420,شهمیرزاد,ShHMYRZAD,35.7735069,53.3279767,No,,,14,سمنان,Semnan,023
423,مهدی شهر,Mahdi Shahr,35.7108029,53.3555769,No,,,14,سمنان,Semnan,023
416,درجزین,DRJZYN,35.6539439,53.3379876,No,,,14,سمنان,Semnan,023
411,آرادان,ARADAN,35.2478246,52.4928417,No,,,14,سمنان,Semnan,023
1436,کهن آباد,,,,No,,,14,سمنان,Semnan,023
424,میامی,MYAMY,36.412914,55.649778,No,,,14,سمنان,Semnan,023
1437,رضوان,,,,No,,,14,سمنان,Semnan,023
417,سرخه,SRKhH,35.4638851,53.2135038,No,,,14,سمنان,Semnan,023
1438,خرانق,,,,No,,,31,یزد,Yazd,035
1439,اردکان,,,,No,,,31,یزد,Yazd,035
1440,احمد آباد,,,,No,,,31,یزد,Yazd,035
1441,عقدا,,,,No,,,31,یزد,Yazd,035
884,بافق,Bafq,31.5997065,55.3966892,No,,,31,یزد,Yazd,035
886,تفت,Taft,31.752049,54.217422,No,,,31,یزد,Yazd,035
1442,نیر,,,,No,,,31,یزد,Yazd,035
1443,بخ,,,,No,,,31,یزد,Yazd,035
890,مهریز,Mehriz,31.5841945,54.4445661,No,,,31,یزد,Yazd,035
895,یزد,Yazd,31.8886686,54.3641264,Yes,,,31,یزد,Yazd,035
1444,شاهدیه,,,,No,,,31,یزد,Yazd,035
1445,حمیدیا,,,,No,,,31,یزد,Yazd,035
891,میبد,Meybod,32.2510825,54.0159205,No,,,31,یزد,Yazd,035
892,ندوشن,NDVShN,32.0281951,53.5494049,No,,,31,یزد,Yazd,035
1446,بفروییه,,,,No,,,31,یزد,Yazd,035
889,مهردشت,MHRDShT,31.0223563,53.3552819,No,,,31,یزد,Yazd,035
881,ابرکوه,Abarkuh,31.1324814,53.2803103,No,,,31,یزد,Yazd,035
1447,خضرآباد,,,,No,,,31,یزد,Yazd,035
883,اشکذر,AShKZR,32.000526,54.2071804,No,,,31,یزد,Yazd,035
1448,مجومرد,,,,No,,,31,یزد,Yazd,035
894,هرات,HRAT,30.049825,54.374208,No,,,31,یزد,Yazd,035
885,بهاباد,BHABAD,31.876794,56.0191037,No,,,31,یزد,Yazd,035
888,مروست,MRVST,30.4774172,54.2126137,No,,,31,یزد,Yazd,035
1449,زارچ,,,,No,,,31,یزد,Yazd,035
642,ابوموسی,ABVMVSY,25.8835628,55.0374364,No,,,22,هرمزگان,Hormozgan,076
660,فین,FYN,27.6310402,55.8952572,No,,,22,هرمزگان,Hormozgan,076
645,بندر عباس,Bandar Abbas,27.1793466,56.2781423,Yes,,,22,هرمزگان,Hormozgan,076
1450,تازیان پایین,,,,No,,,22,هرمزگان,Hormozgan,076
1451,تخت,,,,No,,,22,هرمزگان,Hormozgan,076
1452,قلعه قاضی,,,,No,,,22,هرمزگان,Hormozgan,076
1453,هرمز,,,,No,,,22,هرمزگان,Hormozgan,076
1454,چارک,,,,No,,,22,هرمزگان,Hormozgan,076
1455,کیش,,,,No,,,22,هرمزگان,Hormozgan,076
1456,کنگ,,,,No,,,22,هرمزگان,Hormozgan,076
646,بندر لنگه,Bandar Lengeh,26.5620668,54.883817,No,,,22,هرمزگان,Hormozgan,076
1457,لمزان,,,,No,,,22,هرمزگان,Hormozgan,076
1458,سوزا,,,,No,,,22,هرمزگان,Hormozgan,076
1459,رمکان,,,,No,,,22,هرمزگان,Hormozgan,076
1460,لافت,,,,No,,,22,هرمزگان,Hormozgan,076
661,قشم,Qeshm,26.8594605,56.0064541,No,,,22,هرمزگان,Hormozgan,076
652,درگهان,DRGHAN,26.9674546,56.0778103,No,,,22,هرمزگان,Hormozgan,076
1461,طبل,,,,No,,,22,هرمزگان,Hormozgan,076
655,سندرک,SNDRK,26.8370511,57.4254084,No,,,22,هرمزگان,Hormozgan,076
664,میناب,Minab,27.1483069,57.0736732,No,,,22,هرمزگان,Hormozgan,076
1462,تیرور,,,,No,,,22,هرمزگان,Hormozgan,076
1463,هشتبندی,,,,No,,,22,هرمزگان,Hormozgan,076
1464,زهوکی,,,,No,,,22,هرمزگان,Hormozgan,076
1465,کرگان,,,,No,,,22,هرمزگان,Hormozgan,076
1466,بند زرک,,,,No,,,22,هرمزگان,Hormozgan,076
1467,بندر جاسک,,,,No,,,22,هرمزگان,Hormozgan,076
662,لیردف,LYRDF,25.639746,58.868780,No,,,22,هرمزگان,Hormozgan,076
1468,زیارتعلی,,,,No,,,22,هرمزگان,Hormozgan,076
1469,دهبارز,,,,No,,,22,هرمزگان,Hormozgan,076
1470,بالا شهر,,,,No,,,22,هرمزگان,Hormozgan,076
1471,بیکاء,,,,No,,,22,هرمزگان,Hormozgan,076
1472,فارغان,,,,No,,,22,هرمزگان,Hormozgan,076
651,حاجی آباد,Hajjiabad,28.3071782,55.8984682,No,,,22,هرمزگان,Hormozgan,076
1473,سرگز,,,,No,,,22,هرمزگان,Hormozgan,076
650,جناح,JNAH,27.0173998,54.2839961,No,,,22,هرمزگان,Hormozgan,076
1474,هنگوییه,,,,No,,,22,هرمزگان,Hormozgan,076
643,بستک,Bastak,27.1977195,54.362564,No,,,22,هرمزگان,Hormozgan,076
1475,کوهیچ,,,,No,,,22,هرمزگان,Hormozgan,076
1476,رویدر,,,,No,,,22,هرمزگان,Hormozgan,076
1477,خمیر,,,,No,,,22,هرمزگان,Hormozgan,076
1478,پل,,,,No,,,22,هرمزگان,Hormozgan,076
1479,کوشکنار,,,,No,,,22,هرمزگان,Hormozgan,076
665,پارسیان,PARSYAN,27.2082174,53.0351431,No,,,22,هرمزگان,Hormozgan,076
1480,دشتی,,,,No,,,22,هرمزگان,Hormozgan,076
1481,کوهستک,,,,No,,,22,هرمزگان,Hormozgan,076
656,سیریک,SYRYK,26.5180461,57.1018838,No,,,22,هرمزگان,Hormozgan,076
1482,گروک,,,,No,,,22,هرمزگان,Hormozgan,076
1483,سردشت,,,,No,,,22,هرمزگان,Hormozgan,076
1484,گوهران,,,,No,,,22,هرمزگان,Hormozgan,076
235,تهران,Tehran,35.7081327,51.4139829,Yes,,,8,تهران,Tehran,021
236,دماوند,Damavand,35.7179802,52.0681882,No,,,8,تهران,Tehran,021
262,کیلان,KYLAN,35.5505069,52.1684289,No,,,8,تهران,Tehran,021
1485,آبسرد,,,,No,,,8,تهران,Tehran,021
238,رودهن,Rudehen,35.734772,51.9063798,No,,,8,تهران,Tehran,021
227,آبعلی,ABALY,35.7620424,51.9628205,No,,,8,تهران,Tehran,021
1486,حسن آباد,,,,No,,,8,تهران,Tehran,021
233,باقرشهر,BAQRShHR,35.5338489,51.4053842,No,,,8,تهران,Tehran,021
1487,کهریزک,,,,No,,,8,تهران,Tehran,021
239,ری,Rey,35.5990753,51.4356413,No,,,8,تهران,Tehran,021
1488,قیام دشت,,,,No,,,8,تهران,Tehran,021
1489,قلعه نو,,,,No,,,8,تهران,Tehran,021
248,فشم,FShM,35.9293609,51.5271914,No,,,8,تهران,Tehran,021
1490,تجریش,,,,No,,,8,تهران,Tehran,021
1491,شمشک,,,,No,,,8,تهران,Tehran,021
253,لواسان,LVASAN,35.8204845,51.6321444,No,,,8,تهران,Tehran,021
1492,جوادآباد,,,,No,,,8,تهران,Tehran,021
258,ورامین,Varamin,35.3283255,51.6460307,No,,,8,تهران,Tehran,021
244,شهریار,Shahriar,35.6589015,51.0586022,No,,,8,تهران,Tehran,021
246,صباشهر,SBAShHR,35.582554,51.1132146,No,,,8,تهران,Tehran,021
241,شاهدشهر,ShAHDShHR,35.5735353,51.0868332,No,,,8,تهران,Tehran,021
232,باغستان,BAGhSTAN,35.6452441,51.1310219,No,,,8,تهران,Tehran,021
231,اندیشه,Andisheh,35.7288939,51.4388377,No,,,8,تهران,Tehran,021
257,وحیدیه,VHYDYH,35.7162273,51.4691198232762,No,,,8,تهران,Tehran,021
247,فردوسیه,FRDVSYH,35.6000722,51.0627593,No,,,8,تهران,Tehran,021
1493,چهاردانگه,,,,No,,,8,تهران,Tehran,021
230,اسلامشهر,Eslam Shahr,35.5445805,51.2302457,No,,,8,تهران,Tehran,021
1494,احمد آباد مستوفی,,,,No,,,8,تهران,Tehran,021
237,رباطکریم,RBAT KRYM,35.4850737,51.0841778,No,,,8,تهران,Tehran,021
256,نصیرشهر,NSYRShHR,35.4928077,51.1387733,No,,,8,تهران,Tehran,021
1495,پرند,,,,No,,,8,تهران,Tehran,021
242,شریف آباد,ShRYF ABAD,35.422537,51.7902387,No,,,8,تهران,Tehran,021
259,پاکدشت,Pakdasht,35.4751698,51.6806973,No,,,8,تهران,Tehran,021
1496,فرون اباد,,,,No,,,8,تهران,Tehran,021
228,ارجمند,ARJMND,35.8154903,52.5141334,No,,,8,تهران,Tehran,021
249,فیروزکوه,Firuzkuh,35.7556732,52.7730592,No,,,8,تهران,Tehran,021
251,قدس,Qods,35.7204271,51.1100769,No,,,8,تهران,Tehran,021
254,ملارد,Malard,35.666763,50.9790423,No,,,8,تهران,Tehran,021
1497,صفادشت,,,,No,,,8,تهران,Tehran,021
261,پیشوا,Pishva,35.3058833,51.7252649,No,,,8,تهران,Tehran,021
1498,جلیل اباد,,,,No,,,8,تهران,Tehran,021
263,گلستان,GLSTAN,35.5181918,51.181869,No,,,8,تهران,Tehran,021
1499,صالحیه,,,,No,,,8,تهران,Tehran,021
255,نسیم شهر,NSYM ShHR,35.5613083,51.164113,No,,,8,تهران,Tehran,021
234,بومهن,BVMHN,35.7285207,51.864313,No,,,8,تهران,Tehran,021
1500,سعیداباد,,,,No,,,8,تهران,Tehran,021
1501,خسرواباد,,,,No,,,8,تهران,Tehran,021
1502,پردیس,,,,No,,,8,تهران,Tehran,021
252,قرچک,QRChK,35.4421824,51.5697005,No,,,8,تهران,Tehran,021
91,اردبیل,Ardabil,38.255643,48.298459,Yes,,,3,اردبیل,Ardabil,045
1503,هیر,,,,No,,,3,اردبیل,Ardabil,045
1504,آراللو,,,,No,,,3,اردبیل,Ardabil,045
1505,ثمرین,,,,No,,,3,اردبیل,Ardabil,045
93,بیله سوار,Bileh Savar,39.378137,48.3496043,No,,,3,اردبیل,Ardabil,045
1506,جعفرآباد,,,,No,,,3,اردبیل,Ardabil,045
1507,هشتجین,,,,No,,,3,اردبیل,Ardabil,045
1508,کلور,,,,No,,,3,اردبیل,Ardabil,045
94,خلخال,Khalkhal,37.6192217,48.5278144,No,,,3,اردبیل,Ardabil,045
1509,رضی,,,,No,,,3,اردبیل,Ardabil,045
97,مشگین شهر,Meshgin Shahr,38.395411,47.664785,No,,,3,اردبیل,Ardabil,045
1510,النی,,,,No,,,3,اردبیل,Ardabil,045
1511,لاهرود,,,,No,,,3,اردبیل,Ardabil,045
1512,فخراباد,,,,No,,,3,اردبیل,Ardabil,045
1513,مرادلو,,,,No,,,3,اردبیل,Ardabil,045
1514,قصابه,,,,No,,,3,اردبیل,Ardabil,045
100,گرمی,GRMY,39.0288619,48.08053,No,,,3,اردبیل,Ardabil,045
1515,زهرا,,,,No,,,3,اردبیل,Ardabil,045
1516,اولتان,,,,No,,,3,اردبیل,Ardabil,045
99,پارس آباد,Parsabad,39.6461735,47.918551,No,,,3,اردبیل,Ardabil,045
1517,مغان سر,,,,No,,,3,اردبیل,Ardabil,045
1518,اسلام اباد,,,,No,,,3,اردبیل,Ardabil,045
101,گیوی,GYVY,37.691527,48.339211,No,,,3,اردبیل,Ardabil,045
1519,فیروزآباد,,,,No,,,3,اردبیل,Ardabil,045
90,آبی بیگلو,ABY BYGLV,38.28365,48.5527012,No,,,3,اردبیل,Ardabil,045
1520,نمین,,,,No,,,3,اردبیل,Ardabil,045
96,عنبران,ANBRAN,38.4900003,48.4355097,No,,,3,اردبیل,Ardabil,045
98,نیر,NYR,38.034005,47.9991069,No,,,3,اردبیل,Ardabil,045
1521,کوراییم,,,,No,,,3,اردبیل,Ardabil,045
1522,سرعین,,,,No,,,3,اردبیل,Ardabil,045
1523,اردیموسی,,,,No,,,3,اردبیل,Ardabil,045
92,اصلاندوز,Aslanduz,39.4417175,47.4102145,No,,,3,اردبیل,Ardabil,045
1524,بران علیا,,,,No,,,3,اردبیل,Ardabil,045
1525,تازه کندانگوت,,,,No,,,3,اردبیل,Ardabil,045
1526,زیوه,,,,No,,,3,اردبیل,Ardabil,045
542,دستجرد,DSTJRD,34.551944,50.248333,No,,,18,قم,Qom,025
544,قم,Qom,34.6423117,50.8800969,Yes,,,18,قم,Qom,025
1527,قنوات,,,,No,,,18,قم,Qom,025
543,سلفچگان,SLFChGAN,34.4783955,50.4577101,No,,,18,قم,Qom,025
1528,جعفریه,,,,No,,,18,قم,Qom,025
1529,قاهان,,,,No,,,18,قم,Qom,025
1530,کهک,,,,No,,,18,قم,Qom,025
1531,دانسفهان,,,,No,,,17,قزوین,Qazvin,028
537,شال,ShAL,35.8980371,49.7700946,No,,,17,قزوین,Qazvin,028
1532,بویین زهرا,,,,No,,,17,قزوین,Qazvin,028
1533,سگزآباد,,,,No,,,17,قزوین,Qazvin,028
1534,عصمت آباد,,,,No,,,17,قزوین,Qazvin,028
531,ارداق,ARDAQ,36.0531207,49.8249049,No,,,17,قزوین,Qazvin,028
532,اسفرورین,ASFRVRYN,35.9353304,49.7479887,No,,,17,قزوین,Qazvin,028
1535,خرمدشت,,,,No,,,17,قزوین,Qazvin,028
1536,ضیاآباد,,,,No,,,17,قزوین,Qazvin,028
535,تاکستان,Takestan,36.0726006,49.6937027,No,,,17,قزوین,Qazvin,028
540,نرجه,NRJH,35.9909852,49.6245427,No,,,17,قزوین,Qazvin,028
1537,معلم کلایه,,,,No,,,17,قزوین,Qazvin,028
1538,رازمیان,,,,No,,,17,قزوین,Qazvin,028
1539,سیردان,,,,No,,,17,قزوین,Qazvin,028
538,قزوین,Qazvin,36.1865866,50.064134,Yes,,,17,قزوین,Qazvin,028
1540,اقبالیه,,,,No,,,17,قزوین,Qazvin,028
539,محمودآبادنمونه,MHMVDABAD NMVNH,36.2898869,49.9005962,No,,,17,قزوین,Qazvin,028
541,کوهین,KVHYN,36.3701265,49.6631317,No,,,17,قزوین,Qazvin,028
536,خاکعلی,KhAKALY,36.1285497,50.1758838,No,,,17,قزوین,Qazvin,028
529,آبیک,Abyek,36.0416927,50.5320519,No,,,17,قزوین,Qazvin,028
1541,زیاران,,,,No,,,17,قزوین,Qazvin,028
1542,قشلاق,,,,No,,,17,قزوین,Qazvin,028
1543,شریفیه,,,,No,,,17,قزوین,Qazvin,028
1544,محمدیه,,,,No,,,17,قزوین,Qazvin,028
1545,بیدستان,,,,No,,,17,قزوین,Qazvin,028
1546,الوند,,,,No,,,17,قزوین,Qazvin,028
530,آوج,AVJ,35.5787119,49.2235344,No,,,17,قزوین,Qazvin,028
528,آبگرم,ABGRM,35.7572894,49.2849077,No,,,17,قزوین,Qazvin,028
825,بندرگز,Bandar Gaz,36.774728,53.946598,No,,,29,گلستان,Golestan,017
833,نوکنده,NVKNDH,36.7400119,53.9094891,No,,,29,گلستان,Golestan,017
824,بندرترکمن,Bandar Torkaman,36.8929175,54.0697204,No,,,29,گلستان,Golestan,017
1547,سیجوال,,,,No,,,29,گلستان,Golestan,017
1548,علی آباد,,,,No,,,29,گلستان,Golestan,017
1549,مزرعه,,,,No,,,29,گلستان,Golestan,017
1550,سنگدوین,,,,No,,,29,گلستان,Golestan,017
831,فاضل آباد,FAZL ABAD,36.900353,54.7501997,No,,,29,گلستان,Golestan,017
835,کردکوی,Kordkuy,36.7627485,54.124492,No,,,29,گلستان,Golestan,017
838,گرگان,Gorgan,37.2063524,54.736433,Yes,,,29,گلستان,Golestan,017
1551,جلین,,,,No,,,29,گلستان,Golestan,017
828,سرخنکلاته,SRKhNKLATH,36.8924801,54.5690723,No,,,29,گلستان,Golestan,017
1552,قرق,,,,No,,,29,گلستان,Golestan,017
1553,کرند,,,,No,,,29,گلستان,Golestan,017
1554,اینچه برون,,,,No,,,29,گلستان,Golestan,017
841,گنبدکاووس,Gonbad-e Kavus,37.25,55.167222,No,,,29,گلستان,Golestan,017
1555,القجر,,,,No,,,29,گلستان,Golestan,017
832,مینودشت,Minudasht,37.2288889,55.3747222,No,,,29,گلستان,Golestan,017
1556,دوزین,,,,No,,,29,گلستان,Golestan,017
822,انبار آلوم,ANBAR ALVM,37.132984,54.629817,No,,,29,گلستان,Golestan,017
821,آق قلا,Aq Qala,37.0134841,54.4576664,No,,,29,گلستان,Golestan,017
836,کلاله,Kalaleh,37.380833,55.491667,No,,,29,گلستان,Golestan,017
1557,فراغی,,,,No,,,29,گلستان,Golestan,017
1558,نوده خاندوز,,,,No,,,29,گلستان,Golestan,017
820,آزادشهر,AZADShHR,37.0875125,55.1725639,No,,,29,گلستان,Golestan,017
834,نگین شهر,NGYN ShHR,37.1391667,55.1638889,No,,,29,گلستان,Golestan,017
826,خان ببین,KhAN BBYN,37.0125489,54.985773,No,,,29,گلستان,Golestan,017
1559,رامیان,,,,No,,,29,گلستان,Golestan,017
827,دلند,DLND,37.0355462,55.0492231,No,,,29,گلستان,Golestan,017
1560,تاتار علیا,,,,No,,,29,گلستان,Golestan,017
1561,مراوه,,,,No,,,29,گلستان,Golestan,017
1562,گلیداغ,,,,No,,,29,گلستان,Golestan,017
1563,گمیش تپه,,,,No,,,29,گلستان,Golestan,017
829,سیمین شهر,SYMYN ShHR,37.011276,54.231706,No,,,29,گلستان,Golestan,017
1564,ینقاق,,,,No,,,29,گلستان,Golestan,017
837,گالیکش,GALYKSh,37.2719444,55.4325,No,,,29,گلستان,Golestan,017
1565,صادق آباد,,,,No,,,29,گلستان,Golestan,017
342,اسفراین,Esfarayen,37.076389,57.51,No,,,11,خراسان شمالی,North Khorasan,058
343,بجنورد,Bojnord,37.475,57.333333,Yes,,,11,خراسان شمالی,North Khorasan,058
1566,چناران شهر,,,,No,,,11,خراسان شمالی,North Khorasan,058
345,حصارگرمخان,HSAR GRM KhAN,37.519483,57.482686,No,,,11,خراسان شمالی,North Khorasan,058
348,سنخواست,SNKhVAST,37.100508,56.856952,No,,,11,خراسان شمالی,North Khorasan,058
1567,شوقان,,,,No,,,11,خراسان شمالی,North Khorasan,058
344,جاجرم,Jajarm,36.950000,56.380000,No,,,11,خراسان شمالی,North Khorasan,058
353,لوجلی,LVJLY,37.600000,57.850000,No,,,11,خراسان شمالی,North Khorasan,058
1568,خانلق,,,,No,,,11,خراسان شمالی,North Khorasan,058
350,شیروان,Shirvan,37.4092357,57.9276184,No,,,11,خراسان شمالی,North Khorasan,058
1569,زیارت,,,,No,,,11,خراسان شمالی,North Khorasan,058
1570,قوشخانه,,,,No,,,11,خراسان شمالی,North Khorasan,058
1571,تیتکانلو,,,,No,,,11,خراسان شمالی,North Khorasan,058
352,فاروج,Faruj,37.231111,58.218889,No,,,11,خراسان شمالی,North Khorasan,058
1572,قاضی,,,,No,,,11,خراسان شمالی,North Khorasan,058
1573,آوا,,,,No,,,11,خراسان شمالی,North Khorasan,058
341,آشخانه,AShKhANH,37.554102,56.925917,No,,,11,خراسان شمالی,North Khorasan,058
1574,ایور,,,,No,,,11,خراسان شمالی,North Khorasan,058
355,گرمه,GRMH,36.998739,56.302761,No,,,11,خراسان شمالی,North Khorasan,058
346,درق,DRQ,36.970346,56.206334,No,,,11,خراسان شمالی,North Khorasan,058
347,راز,RAZ,37.935566,57.105989,No,,,11,خراسان شمالی,North Khorasan,058
1575,غلامان,,,,No,,,11,خراسان شمالی,North Khorasan,058
1576,یکه سعود,,,,No,,,11,خراسان شمالی,North Khorasan,058
351,صفی آباد,SFY ABAD,36.693715,57.930179,No,,,11,خراسان شمالی,North Khorasan,058
354,پیش قلعه,PYSh QLAH,37.651503,56.993904,No,,,11,خراسان شمالی,North Khorasan,058
268,بیرجند,Birjand,32.8633961,59.2177294,Yes,,,9,خراسان جنوبی,South Khorasan,056
1577,قهستان,,,,No,,,9,خراسان جنوبی,South Khorasan,056
1578,طبس مسینا,,,,No,,,9,خراسان جنوبی,South Khorasan,056
1579,گزیک,,,,No,,,9,خراسان جنوبی,South Khorasan,056
1580,اسدیه,,,,No,,,9,خراسان جنوبی,South Khorasan,056
274,سربیشه,SRBYShH,32.5728594,59.7967053,No,,,9,خراسان جنوبی,South Khorasan,056
1581,مود,,,,No,,,9,خراسان جنوبی,South Khorasan,056
1582,درح,,,,No,,,9,خراسان جنوبی,South Khorasan,056
1583,قاین,,,,No,,,9,خراسان جنوبی,South Khorasan,056
265,اسفدن,ASFDN,33.6478435,59.7791575,No,,,9,خراسان جنوبی,South Khorasan,056
269,خضری دشت بیاض,KhZRY DShT BYAZ,34.0216542,58.8140837,No,,,9,خراسان جنوبی,South Khorasan,056
1584,نیمبلوک,,,,No,,,9,خراسان جنوبی,South Khorasan,056
1585,آرین شهر,,,,No,,,9,خراسان جنوبی,South Khorasan,056
275,شوسف,ShVSF,31.8035023,60.0099186,No,,,9,خراسان جنوبی,South Khorasan,056
282,نهبندان,NHBNDAN,31.5431543,60.0349456,No,,,9,خراسان جنوبی,South Khorasan,056
273,سرایان,SRAYAN,33.8615755,58.5250488,No,,,9,خراسان جنوبی,South Khorasan,056
1586,آیسک,,,,No,,,9,خراسان جنوبی,South Khorasan,056
1587,سه قلعه,,,,No,,,9,خراسان جنوبی,South Khorasan,056
1588,باغستان,,,,No,,,9,خراسان جنوبی,South Khorasan,056
266,اسلامیه,ASLAMYH,34.0448547,58.2202617,No,,,9,خراسان جنوبی,South Khorasan,056
278,فردوس,Ferdows,34.01816,58.1689746,No,,,9,خراسان جنوبی,South Khorasan,056
267,بشرویه,Boshruyeh,33.8662098,57.4253814,No,,,9,خراسان جنوبی,South Khorasan,056
1589,ارسک,,,,No,,,9,خراسان جنوبی,South Khorasan,056
1590,حاجی آباد,,,,No,,,9,خراسان جنوبی,South Khorasan,056
1591,زهان,,,,No,,,9,خراسان جنوبی,South Khorasan,056
1592,آبیز,,,,No,,,9,خراسان جنوبی,South Khorasan,056
270,خوسف,Khusf,32.780742,58.892384,No,,,9,خراسان جنوبی,South Khorasan,056
1593,ماژان,,,,No,,,9,خراسان جنوبی,South Khorasan,056
1594,عشق آباد,,,,No,,,9,خراسان جنوبی,South Khorasan,056
277,طبس,Tabas,33.596031,56.9247263,No,,,9,خراسان جنوبی,South Khorasan,056
272,دیهوک,DYHVK,33.291961,57.512094,No,,,9,خراسان جنوبی,South Khorasan,056
176,کرج,Karaj,35.8121955,51.0073853,Yes,,,5,البرز,Alborz,026
170,ماهدشت,MAHDShT,35.7299002,50.8110899,No,,,5,البرز,Alborz,026
177,کمال شهر,KMALShHR,35.8598687,50.8663488,No,,,5,البرز,Alborz,026
171,محمد شهر,MHMDShHR,35.7598709,50.9187407,No,,,5,البرز,Alborz,026
179,گرمدره,GRMDRH,35.7553861,51.0686177,No,,,5,البرز,Alborz,026
165,آسارا,ASARA,36.036872,51.1954666,No,,,5,البرز,Alborz,026
174,هشتگرد,Hashtgerd,35.9641824,50.6858036,No,,,5,البرز,Alborz,026
1595,گلسار,,,,No,,,5,البرز,Alborz,026
1596,مهستان,,,,No,,,5,البرز,Alborz,026
178,کوهسار,KVHSAR,35.9627157,50.7920955,No,,,5,البرز,Alborz,026
173,نظرآباد,Nazarabad,35.9558897,50.6097443,No,,,5,البرز,Alborz,026
1597,تنکمان,,,,No,,,5,البرز,Alborz,026
168,طالقان,Taleqan,36.177868,50.7655155,No,,,5,البرز,Alborz,026
166,اشتهارد,Eshtehard,35.7234469,50.3670608,No,,,5,البرز,Alborz,026
1598,پلنگ آباد,,,,No,,,5,البرز,Alborz,026
169,فردیس,Fardis,35.722139,50.976111,No,,,5,البرز,Alborz,026
172,مشکین دشت,MShKYN DShT,35.7481168,50.9420223,No,,,5,البرز,Alborz,026
175,چهارباغ,ChHARBAGh,35.8394861,50.8480555,No,,,5,البرز,Alborz,026
